measure	language	value	n_scope	n_hit	ci_low	ci_high
adist:cc	Abkhaz	3.6	85			
adist:cc	Akkadian	2.3137	102			
adist:cc	Albanian	2.4067	150			
adist:cc	Alemannic	2.5429	35			
adist:cc	Amharic	1.7907	86			
adist:cc	Bambara	1.5538	65			
adist:cc	Bavarian	2.258	376			
adist:cc	Beja	1.3333	339			
adist:cc	Bhojpuri	3.9333	30			
adist:cc	Breton	1.6165	206			
adist:cc	Buryat	2.1772	79			
adist:cc	Cantonese	2.3924	79			
adist:cc	Cappadocian	2.0141	213			
adist:cc	Chinese	2.9522	272			
adist:cc	Chintang	2.0914	361			
adist:cc	Chukchi	2.1138	123			
adist:cc	Czech	2.4764	212			
adist:cc	English	2.2799	1654			
adist:cc	Esperanto	1.6993	153			
adist:cc	Faroese	1.6027	297			
adist:cc	Finnish	1.9282	599			
adist:cc	French	2.8523	149			
adist:cc	Frisian_Dutch	2.1963	107			
adist:cc	Gheg	2.4499	1047			
adist:cc	Greek	1.9122	1048			
adist:cc	Guajajara	2.5859	99			
adist:cc	Gujarati	3.1346	52			
adist:cc	Haitian_Creole	1.9623	53			
adist:cc	Hausa	1.4728	755			
adist:cc	Hebrew	1.7968	625			
adist:cc	Highland_Puebla_Nahuatl	2.0328	458			
adist:cc	Hittite	4.3218	87			
adist:cc	Ika	4.5349	43			
adist:cc	Irish	1.5829	199			
adist:cc	Italian	2.1758	273			
adist:cc	Javanese	1.5325	308			
adist:cc	Karelian	1.0577	156			
adist:cc	Kazakh	3.64	200			
adist:cc	Kiche	1.6341	41			
adist:cc	Komi_Permyak	2.3488	43			
adist:cc	Komi_Zyrian	2.6846	447			
adist:cc	Korean	5.619	336			
adist:cc	Ligurian	3.1523	243			
adist:cc	Lithuanian	2.2905	296			
adist:cc	Livvi	1.0845	71			
adist:cc	Macedonian	1.75	84			
adist:cc	Malayalam	1.5484	93			
adist:cc	Marathi	3.7077	65			
adist:cc	Middle_Armenian	3.4032	124			
adist:cc	Middle_French	3.6109	442			
adist:cc	Moksha	2.0062	161			
adist:cc	Nepali	6.4186	43			
adist:cc	Northern_Kurdish	3.0192	364			
adist:cc	Northwest_Gbaya	2.6681	235			
adist:cc	Odia	2.1847	157			
adist:cc	Old_French	3.0855	772			
adist:cc	Old_Georgian	3.1143	595			
adist:cc	Ottoman_Turkish	3.4488	254			
adist:cc	Pashto	4.0686	277			
adist:cc	Phrygian	1.9915	117			
adist:cc	Polish	2.0754	570			
adist:cc	Punjabi	2.956	91			
adist:cc	Romanian	2.1195	159			
adist:cc	Ruuli	1.5302	149			
adist:cc	Sanskrit	2.2941	34			
adist:cc	Sicilian	2.7656	418			
adist:cc	Skolt_Sami	2.2286	175			
adist:cc	Spanish	2.322	410			
adist:cc	Swedish	1.8232	543			
adist:cc	Tamil	1.6204	108			
adist:cc	Tatar	2.8246	57			
adist:cc	Turkish	3.6708	723			
adist:cc	Upper_Sorbian	1.9799	448			
adist:cc	Uzbek	3.9064	235			
adist:cc	Veps	1.7705	61			
adist:cc	Vietnamese	3.1915	47			
adist:cc	Wolof	2.2187	1367			
adist:cc	Xibe	2.9245	106			
adist:cc	Yakut	1.4444	36			
adist:cc	Yoruba	1.5	350			
adist:comp	Abaza	1.8516	128			
adist:comp	Abkhaz	1.5756	2104			
adist:comp	Akkadian	3.124	379			
adist:comp	Akuntsu	1.1814	204			
adist:comp	Albanian	1.5073	1309			
adist:comp	Alemannic	2.7208	419			
adist:comp	Amharic	1.7832	3838			
adist:comp	Apurina	1.3871	155			
adist:comp	Assamese	1.9929	140			
adist:comp	Assyrian	1.3262	141			
adist:comp	Azerbaijani	1.6277	137			
adist:comp	Bambara	1.6501	4273			
adist:comp	Bavarian	3.0125	3755			
adist:comp	Beja	1.7545	3014			
adist:comp	Bengali	1.4468	47			
adist:comp	Bhojpuri	2.5037	1610			
adist:comp	Bokota	1.5716	873			
adist:comp	Brahui	1.797	202			
adist:comp	Breton	1.6263	3008			
adist:comp	Buryat	1.6811	1063			
adist:comp	Cantonese	2.6672	2737			
adist:comp	Cappadocian	1.9499	1097			
adist:comp	Cebuano	1.5421	428			
adist:comp	Central_Kurdish	1.5703	128			
adist:comp	Chinese	2.4252	5503			
adist:comp	Chintang	1.4615	2002			
adist:comp	Chukchi	1.6403	367			
adist:comp	Classical_Chinese	1.6934	137			
adist:comp	Czech	1.9509	1445			
adist:comp	English	1.9793	12476			
adist:comp	Esperanto	2.5223	762			
adist:comp	Faroese	1.4819	2540			
adist:comp	Finnish	1.9187	2768			
adist:comp	French	1.9581	1503			
adist:comp	Frisian_Dutch	2.4405	865			
adist:comp	Gheg	1.5825	5586			
adist:comp	Gorontalo	1.1974	76			
adist:comp	Greek	1.8242	5166			
adist:comp	Guajajara	1.897	1379			
adist:comp	Gujarati	1.6321	473			
adist:comp	Gwichin	1.1497	147			
adist:comp	Haitian_Creole	1.6737	760			
adist:comp	Hausa	1.2855	19995			
adist:comp	Hebrew	1.6188	2361			
adist:comp	Highland_Puebla_Nahuatl	1.7459	964			
adist:comp	Hittite	2.8074	270			
adist:comp	Ika	1.5457	1565			
adist:comp	Irish	1.8573	1331			
adist:comp	Italian	1.6161	2118			
adist:comp	Javanese	1.3117	2140			
adist:comp	Kaapor	1.3902	82			
adist:comp	Kadiweu	1.1176	34			
adist:comp	Kangri	1.4108	723			
adist:comp	Karelian	2.0256	469			
adist:comp	Karo	1.3776	519			
adist:comp	Kazakh	1.4865	1260			
adist:comp	Kiche	1.5795	1453			
adist:comp	Komi_Permyak	1.5188	160			
adist:comp	Komi_Zyrian	1.7825	1430			
adist:comp	Korean	1.7819	4309			
adist:comp	Kyrgyz	1.4744	215			
adist:comp	Latgalian	1.4242	33			
adist:comp	Latvian	1.3939	33			
adist:comp	Ligurian	1.7825	2087			
adist:comp	Lithuanian	2.2719	923			
adist:comp	Livvi	1.6712	222			
adist:comp	Luxembourgish	2.4706	51			
adist:comp	Macedonian	1.3598	453			
adist:comp	Malayalam	1.8386	347			
adist:comp	Marathi	1.3636	869			
adist:comp	Mbya_Guarani	1.6172	290			
adist:comp	Middle_Armenian	1.9532	278			
adist:comp	Middle_French	2.0465	2106			
adist:comp	Moksha	1.599	616			
adist:comp	Munduruku	1.2524	210			
adist:comp	Naga	1.4916	657			
adist:comp	Neapolitan	1.4643	56			
adist:comp	Nenets	1.7356	174			
adist:comp	Nepali	2.3333	105			
adist:comp	Northern_Kurdish	2.4154	2607			
adist:comp	Northwest_Gbaya	1.304	819			
adist:comp	Odia	2.1133	715			
adist:comp	Old_English	1.7073	41			
adist:comp	Old_French	2.4066	4752			
adist:comp	Old_Georgian	2.7482	1239			
adist:comp	Old_Irish	1.4944	178			
adist:comp	Old_Turkish	1.3191	47			
adist:comp	Ottoman_Turkish	2.2999	1307			
adist:comp	Pashto	2.5008	1901			
adist:comp	Paumari	1.63	100			
adist:comp	Pesh	1.3959	1086			
adist:comp	Phrygian	1.6167	407			
adist:comp	Polish	1.7142	5007			
adist:comp	Punjabi	2.3437	1091			
adist:comp	Romanian	1.5046	1627			
adist:comp	Ruuli	1.315	1454			
adist:comp	Sanskrit	1.9105	190			
adist:comp	Shanghainese	1.5966	2013			
adist:comp	Sicilian	1.6894	3281			
adist:comp	Sinhala	1.506	251			
adist:comp	Skolt_Sami	1.6139	474			
adist:comp	South_Levantine_Arabic	1.313	230			
adist:comp	Southern_Kurdish	1.5771	227			
adist:comp	Spanish	1.6858	1967			
adist:comp	Spanish_Sign_Language	1.5267	150			
adist:comp	Swedish	1.7637	3432			
adist:comp	Swedish_Sign_Language	1.5806	186			
adist:comp	Tagalog	1.5079	630			
adist:comp	Tamil	1.7268	2379			
adist:comp	Tatar	1.9697	264			
adist:comp	Teko	1.3383	402			
adist:comp	Telugu	1.5598	736			
adist:comp	Telugu_English	1.4167	72			
adist:comp	Tswana	1.6712	73			
adist:comp	Tupinamba	1.8373	541			
adist:comp	Turkish	1.5402	5454			
adist:comp	Turkish_English	1.7188	64			
adist:comp	Umbrian	1.7138	325			
adist:comp	Upper_Sorbian	2.6348	2147			
adist:comp	Uzbek	1.8806	1733			
adist:comp	Veps	1.6798	228			
adist:comp	Vietnamese	1.6638	461			
adist:comp	Warlpiri	1.6549	113			
adist:comp	Wolof	1.6862	13478			
adist:comp	Xavante	1.8606	409			
adist:comp	Xibe	1.6956	3417			
adist:comp	Yakut	1.4645	183			
adist:comp	Yoruba	1.8408	2399			
adist:comp	Yupik	2.3503	157			
adist:comp	Zazaki	1.4465	318			
adist:det	Abkhaz	1.0267	75			
adist:det	Akkadian	1.2692	182			
adist:det	Albanian	1.0733	532			
adist:det	Alemannic	1.2927	123			
adist:det	Amharic	1.0732	478			
adist:det	Apurina	1.0833	36			
adist:det	Bambara	1.1282	507			
adist:det	Bavarian	1.2856	1849			
adist:det	Beja	1.1274	1703			
adist:det	Bhojpuri	1.5402	174			
adist:det	Brahui	1.5	36			
adist:det	Breton	1.0582	1203			
adist:det	Buryat	1.3057	229			
adist:det	Cantonese	2.0625	336			
adist:det	Cappadocian	1.1076	697			
adist:det	Chinese	1.6893	383			
adist:det	Chintang	1.1583	436			
adist:det	Chukchi	1.4737	38			
adist:det	Czech	1.2559	211			
adist:det	English	1.6445	4014			
adist:det	Esperanto	1.417	259			
adist:det	Faroese	1.2957	186			
adist:det	Finnish	1.3551	245			
adist:det	French	1.1181	762			
adist:det	Frisian_Dutch	1.3263	331			
adist:det	Gheg	1.1477	1280			
adist:det	Greek	1.2	3145			
adist:det	Guajajara	1.1078	102			
adist:det	Haitian_Creole	1.4067	300			
adist:det	Hausa	1.0954	1142			
adist:det	Hebrew	1.1091	651			
adist:det	Highland_Puebla_Nahuatl	1.0664	437			
adist:det	Ika	1.1765	51			
adist:det	Irish	1.1062	320			
adist:det	Italian	1.1758	1018			
adist:det	Javanese	1.349	682			
adist:det	Kadiweu	1.0588	34			
adist:det	Kangri	1.2909	55			
adist:det	Karelian	1.1892	37			
adist:det	Kazakh	1.2248	218			
adist:det	Kiche	1.1233	1411			
adist:det	Komi_Zyrian	1.2675	157			
adist:det	Korean	1.1702	699			
adist:det	Ligurian	1.1673	849			
adist:det	Lithuanian	1.3077	143			
adist:det	Luxembourgish	1.2667	30			
adist:det	Malayalam	1.1463	41			
adist:det	Marathi	1.3596	114			
adist:det	Middle_Armenian	1.0556	36			
adist:det	Middle_French	1.1471	836			
adist:det	Moksha	1.1818	66			
adist:det	Naga	1.0444	135			
adist:det	Nepali	1.2632	38			
adist:det	Northern_Kurdish	1.061	213			
adist:det	Northwest_Gbaya	1.7727	44			
adist:det	Odia	1.4855	173			
adist:det	Old_French	1.0794	2014			
adist:det	Old_Georgian	1.2023	346			
adist:det	Old_Irish	1.05	40			
adist:det	Ottoman_Turkish	1.2409	523			
adist:det	Pashto	1.4384	276			
adist:det	Paumari	1.1667	48			
adist:det	Pesh	1.1754	114			
adist:det	Phrygian	1.2581	124			
adist:det	Polish	1.1994	326			
adist:det	Punjabi	1.3333	174			
adist:det	Romanian	1.0513	234			
adist:det	Ruuli	1.172	93			
adist:det	Sanskrit	1.4516	62			
adist:det	Shanghainese	1.26	100			
adist:det	Sicilian	1.1127	1295			
adist:det	Sinhala	1.1667	42			
adist:det	Skolt_Sami	1.1404	57			
adist:det	Southern_Kurdish	1.3333	33			
adist:det	Spanish	1.1134	741			
adist:det	Swedish	1.4976	422			
adist:det	Swedish_Sign_Language	1.7059	68			
adist:det	Tagalog	1.3611	36			
adist:det	Tamil	1.0595	168			
adist:det	Teko	1.0781	64			
adist:det	Telugu	1.0581	155			
adist:det	Turkish	1.1738	1663			
adist:det	Upper_Sorbian	1.5297	236			
adist:det	Uzbek	1.2401	279			
adist:det	Vietnamese	1.2045	88			
adist:det	Wolof	1.2033	3138			
adist:det	Xavante	1.6032	63			
adist:det	Xibe	1.3927	191			
adist:det	Yakut	1.0513	78			
adist:det	Yoruba	1.1314	274			
adist:discourse	Akuntsu	1.5385	65			
adist:discourse	Amharic	2.2417	211			
adist:discourse	Bambara	2.4177	778			
adist:discourse	Beja	2.0732	478			
adist:discourse	Buryat	1.5946	407			
adist:discourse	Cantonese	3.6613	1491			
adist:discourse	Cappadocian	2.6667	36			
adist:discourse	Central_Kurdish	3.6341	41			
adist:discourse	Chinese	2.0516	426			
adist:discourse	Chintang	2.168	637			
adist:discourse	Chukchi	2.8233	300			
adist:discourse	Classical_Chinese	1.7105	38			
adist:discourse	English	3.1654	393			
adist:discourse	Frisian_Dutch	3.1256	199			
adist:discourse	Gheg	2.9107	605			
adist:discourse	Greek	2.6867	166			
adist:discourse	Guajajara	2.9513	2011			
adist:discourse	Gujarati	1.8864	44			
adist:discourse	Hausa	3.1418	2073			
adist:discourse	Highland_Puebla_Nahuatl	3.1215	181			
adist:discourse	Hittite	3.2903	93			
adist:discourse	Ika	3.8372	301			
adist:discourse	Javanese	3.3333	33			
adist:discourse	Kaapor	1.6562	32			
adist:discourse	Karo	1.4918	61			
adist:discourse	Kazakh	2.2407	54			
adist:discourse	Kiche	1.68	150			
adist:discourse	Komi_Zyrian	3.5116	43			
adist:discourse	Kyrgyz	1.4333	30			
adist:discourse	Marathi	1.7193	57			
adist:discourse	Munduruku	1.5161	31			
adist:discourse	Naga	3.7609	46			
adist:discourse	Nenets	1.2381	105			
adist:discourse	Nepali	2.0123	81			
adist:discourse	Northwest_Gbaya	3.2899	69			
adist:discourse	Odia	2.1	50			
adist:discourse	Ottoman_Turkish	3.9643	84			
adist:discourse	Pesh	2.9052	232			
adist:discourse	Punjabi	5.0735	68			
adist:discourse	Romanian	9.3241	108			
adist:discourse	Ruuli	2.0455	66			
adist:discourse	Shanghainese	2.5677	879			
adist:discourse	Skolt_Sami	2.971	69			
adist:discourse	Southern_Kurdish	3.8	35			
adist:discourse	Spanish	4.0317	189			
adist:discourse	Swedish_Sign_Language	3.6087	46			
adist:discourse	Teko	1.8372	43			
adist:discourse	Tupinamba	1.802	197			
adist:discourse	Turkish	3.9565	46			
adist:discourse	Uzbek	4.9481	77			
adist:discourse	Wolof	5.7021	47			
adist:discourse	Xavante	2.2128	47			
adist:discourse	Xibe	2.4203	69			
adist:discourse	Yakut	1.4865	37			
adist:discourse	Zazaki	3.6892	74			
adist:mod	Abaza	1.8923	130			
adist:mod	Abkhaz	2.3	2663			
adist:mod	Akkadian	1.4484	475			
adist:mod	Akuntsu	1.1979	187			
adist:mod	Albanian	2.5132	756			
adist:mod	Alemannic	1.8755	265			
adist:mod	Amharic	2.6276	964			
adist:mod	Apurina	1.481	158			
adist:mod	Assamese	2.2465	215			
adist:mod	Assyrian	1.9583	48			
adist:mod	Azerbaijani	1.6198	121			
adist:mod	Bambara	2.8706	858			
adist:mod	Bavarian	2.5004	2336			
adist:mod	Beja	3.8868	1608			
adist:mod	Bengali	1.7143	56			
adist:mod	Bhojpuri	3.8029	832			
adist:mod	Bokota	2.126	365			
adist:mod	Brahui	2.3781	201			
adist:mod	Breton	1.7872	1560			
adist:mod	Buryat	2.2636	3418			
adist:mod	Cantonese	2.7603	2495			
adist:mod	Cappadocian	1.875	672			
adist:mod	Cebuano	1.8318	214			
adist:mod	Central_Kurdish	1.3636	121			
adist:mod	Chinese	2.265	5751			
adist:mod	Chintang	1.5394	3576			
adist:mod	Chukchi	1.741	1633			
adist:mod	Classical_Chinese	1.9318	176			
adist:mod	Czech	2.5068	1322			
adist:mod	English	2.4172	8461			
adist:mod	Esperanto	3.1692	715			
adist:mod	Faroese	1.3616	1319			
adist:mod	Finnish	1.8237	4304			
adist:mod	French	2.5634	726			
adist:mod	Frisian_Dutch	1.8787	701			
adist:mod	Gheg	2.0723	2074			
adist:mod	Greek	2.0924	3364			
adist:mod	Guajajara	1.6163	1191			
adist:mod	Guarani	1.383	47			
adist:mod	Gujarati	1.9716	282			
adist:mod	Gwichin	2.039	77			
adist:mod	Haitian_Creole	2.9398	581			
adist:mod	Hausa	3.062	7909			
adist:mod	Hebrew	3.0858	1236			
adist:mod	Highland_Puebla_Nahuatl	1.7051	1987			
adist:mod	Hittite	2.5225	400			
adist:mod	Ika	1.3864	1320			
adist:mod	Irish	2.3052	924			
adist:mod	Italian	2.5828	791			
adist:mod	Javanese	2.007	3981			
adist:mod	Kaapor	1.9863	73			
adist:mod	Kadiweu	1.2632	38			
adist:mod	Kangri	2.0172	349			
adist:mod	Karelian	1.5812	659			
adist:mod	Karo	1.3713	404			
adist:mod	Kazakh	2.0516	2735			
adist:mod	Kiche	1.7055	1416			
adist:mod	Komi_Permyak	1.7538	199			
adist:mod	Komi_Zyrian	1.7547	2487			
adist:mod	Korean	2.3615	7059			
adist:mod	Kyrgyz	1.6219	201			
adist:mod	Ligurian	2.8073	794			
adist:mod	Lithuanian	2.0938	1205			
adist:mod	Livvi	1.71	331			
adist:mod	Macedonian	1.8896	154			
adist:mod	Makurap	1.4211	38			
adist:mod	Malayalam	1.9045	670			
adist:mod	Marathi	2.157	395			
adist:mod	Mbya_Guarani	3.3312	154			
adist:mod	Middle_Armenian	2.5752	153			
adist:mod	Middle_French	4.0433	923			
adist:mod	Moksha	1.6946	943			
adist:mod	Munduruku	1.8898	127			
adist:mod	Naga	1.6628	436			
adist:mod	Nenets	2.1548	478			
adist:mod	Nepali	2.9206	189			
adist:mod	Northern_Kurdish	2.0105	1904			
adist:mod	Northwest_Gbaya	2.5957	418			
adist:mod	Odia	2.1294	1437			
adist:mod	Old_French	4.5456	1928			
adist:mod	Old_Georgian	3.0759	1964			
adist:mod	Old_Irish	1.9405	252			
adist:mod	Ottoman_Turkish	2.4307	2698			
adist:mod	Pashto	3.2257	1143			
adist:mod	Paumari	1.8136	59			
adist:mod	Pesh	2.4232	716			
adist:mod	Phrygian	2.0522	115			
adist:mod	Polish	1.8141	4583			
adist:mod	Punjabi	3.0567	759			
adist:mod	Romanian	2.1783	830			
adist:mod	Ruuli	1.5206	1045			
adist:mod	Sanskrit	2.2081	620			
adist:mod	Shanghainese	1.668	1271			
adist:mod	Sicilian	2.6317	1317			
adist:mod	Sinhala	1.9775	311			
adist:mod	Skolt_Sami	1.7724	391			
adist:mod	South_Levantine_Arabic	1.5789	152			
adist:mod	Southern_Kurdish	1.817	235			
adist:mod	Spanish	3.2963	1117			
adist:mod	Spanish_Sign_Language	1.3654	208			
adist:mod	Swedish	1.9763	2148			
adist:mod	Swedish_Sign_Language	2.0649	185			
adist:mod	Tagalog	1.8163	196			
adist:mod	Tamil	2.0746	4209			
adist:mod	Tatar	2.0013	748			
adist:mod	Teko	1.5945	397			
adist:mod	Telugu	1.4401	827			
adist:mod	Telugu_English	1.35	60			
adist:mod	Tupinamba	2.3542	912			
adist:mod	Turkish	2.0409	8431			
adist:mod	Turkish_English	1.75	88			
adist:mod	Umbrian	1.9606	330			
adist:mod	Upper_Sorbian	2.0211	2653			
adist:mod	Uzbek	2.099	3385			
adist:mod	Veps	1.6529	314			
adist:mod	Vietnamese	2.169	420			
adist:mod	Wolof	2.6708	6652			
adist:mod	Xavante	2.4873	197			
adist:mod	Xibe	3.5157	4921			
adist:mod	Yakut	1.4542	284			
adist:mod	Yoruba	2.1983	1261			
adist:mod	Yupik	2.7872	282			
adist:mod	Zazaki	1.7076	171			
adist:subj	Abaza	1.9302	86			
adist:subj	Abkhaz	1.8702	1472			
adist:subj	Akkadian	9.6667	48			
adist:subj	Akuntsu	1.4896	192			
adist:subj	Albanian	2.2842	285			
adist:subj	Alemannic	2.4375	112			
adist:subj	Amharic	2.2282	1490			
adist:subj	Apurina	1.381	168			
adist:subj	Assamese	3.2625	80			
adist:subj	Assyrian	1.9762	42			
adist:subj	Azerbaijani	2.5926	135			
adist:subj	Bambara	1.2141	1854			
adist:subj	Bavarian	2.415	1200			
adist:subj	Beja	3.6218	476			
adist:subj	Bengali	1.9714	35			
adist:subj	Bhojpuri	6.1979	283			
adist:subj	Bokota	2.2399	346			
adist:subj	Brahui	4.3043	69			
adist:subj	Breton	2.4	575			
adist:subj	Buryat	4.0429	746			
adist:subj	Cantonese	2.3606	954			
adist:subj	Cappadocian	2.4552	279			
adist:subj	Cebuano	1.6585	164			
adist:subj	Central_Kurdish	2.7903	62			
adist:subj	Chinese	2.2086	1711			
adist:subj	Chintang	2.2162	1207			
adist:subj	Chukchi	2.066	409			
adist:subj	Classical_Chinese	2.0494	81			
adist:subj	Czech	2.7174	407			
adist:subj	English	1.6743	4341			
adist:subj	Esperanto	2.4798	248			
adist:subj	Faroese	1.6506	1268			
adist:subj	Finnish	1.729	1491			
adist:subj	French	1.9196	398			
adist:subj	Frisian_Dutch	1.9598	348			
adist:subj	Gheg	2.3081	1032			
adist:subj	Gorontalo	1.575	40			
adist:subj	Greek	2.3481	1244			
adist:subj	Gujarati	4.592	174			
adist:subj	Gwichin	2.5	32			
adist:subj	Haitian_Creole	2.443	386			
adist:subj	Hausa	2.0978	1728			
adist:subj	Hebrew	2.4066	605			
adist:subj	Highland_Puebla_Nahuatl	1.498	982			
adist:subj	Hittite	3.5253	99			
adist:subj	Ika	3.5333	285			
adist:subj	Irish	1.8384	328			
adist:subj	Italian	2.0889	405			
adist:subj	Javanese	2.3556	1434			
adist:subj	Kaapor	1.9306	72			
adist:subj	Kadiweu	1.3134	67			
adist:subj	Kangri	4.5068	221			
adist:subj	Karelian	1.6485	239			
adist:subj	Karo	1.7075	294			
adist:subj	Kazakh	3.7936	1124			
adist:subj	Kiche	1.9557	948			
adist:subj	Komi_Permyak	1.6056	142			
adist:subj	Komi_Zyrian	2.1871	882			
adist:subj	Korean	4.6773	2532			
adist:subj	Kyrgyz	3.0919	185			
adist:subj	Ligurian	2.9646	424			
adist:subj	Lithuanian	2.687	377			
adist:subj	Livvi	1.6781	146			
adist:subj	Macedonian	2.1687	83			
adist:subj	Malayalam	3.3172	227			
adist:subj	Marathi	2.7204	490			
adist:subj	Mbya_Guarani	2.1222	90			
adist:subj	Middle_Armenian	2.1379	87			
adist:subj	Middle_French	2.025	519			
adist:subj	Moksha	1.7908	435			
adist:subj	Munduruku	1.6522	92			
adist:subj	Naga	3.0137	438			
adist:subj	Nenets	3.5	56			
adist:subj	Nepali	4.381	42			
adist:subj	Northern_Kurdish	4.4751	823			
adist:subj	Northwest_Gbaya	1.2005	404			
adist:subj	Odia	4.4818	523			
adist:subj	Old_French	1.7844	1517			
adist:subj	Old_Georgian	4.2925	359			
adist:subj	Old_Irish	1.6528	72			
adist:subj	Ottoman_Turkish	4.9042	710			
adist:subj	Pashto	5.1299	462			
adist:subj	Paumari	1.8286	35			
adist:subj	Pesh	2.2414	174			
adist:subj	Phrygian	4.852	223			
adist:subj	Polish	2.7183	1182			
adist:subj	Punjabi	5.2747	324			
adist:subj	Romanian	2.1782	348			
adist:subj	Ruuli	1.6321	424			
adist:subj	Sanskrit	2.7792	231			
adist:subj	Shanghainese	1.7078	876			
adist:subj	Sicilian	2.3648	699			
adist:subj	Sinhala	3.4307	202			
adist:subj	Skolt_Sami	1.5253	316			
adist:subj	South_Levantine_Arabic	1.675	40			
adist:subj	Southern_Kurdish	3.125	136			
adist:subj	Spanish	2.0907	375			
adist:subj	Spanish_Sign_Language	1.7822	225			
adist:subj	Swedish	1.4668	1431			
adist:subj	Swedish_Sign_Language	1.4058	207			
adist:subj	Tagalog	2.1143	210			
adist:subj	Tamil	3.0121	1161			
adist:subj	Tatar	4.7531	162			
adist:subj	Teko	1.4933	223			
adist:subj	Telugu	2.0463	1167			
adist:subj	Telugu_English	2.131	84			
adist:subj	Tupinamba	1.8879	214			
adist:subj	Turkish	4.5162	3264			
adist:subj	Turkish_English	1.9412	34			
adist:subj	Umbrian	3.05	40			
adist:subj	Upper_Sorbian	3.2836	737			
adist:subj	Uzbek	4.3591	1437			
adist:subj	Veps	1.6788	137			
adist:subj	Vietnamese	2.2802	182			
adist:subj	Warlpiri	1.2321	56			
adist:subj	Wolof	1.8308	4722			
adist:subj	Xavante	2.8615	195			
adist:subj	Xibe	5.9166	959			
adist:subj	Yakut	2.2732	194			
adist:subj	Yoruba	2.1397	945			
adist:subj	Yupik	2.6069	173			
adist:subj	Zazaki	2.4815	108			
adist:udep	Abaza	1.7538	65			
adist:udep	Abkhaz	1.9658	497			
adist:udep	Akkadian	3.8727	165			
adist:udep	Akuntsu	1.5	44			
adist:udep	Albanian	2.6905	349			
adist:udep	Alemannic	3.0072	138			
adist:udep	Amharic	3.0637	518			
adist:udep	Apurina	1.7538	65			
adist:udep	Assamese	3.3026	76			
adist:udep	Azerbaijani	1.8778	90			
adist:udep	Bambara	2.2118	1303			
adist:udep	Bavarian	3.3844	1233			
adist:udep	Beja	1.4474	494			
adist:udep	Bhojpuri	4.2217	902			
adist:udep	Bokota	1.1351	74			
adist:udep	Brahui	3.6	105			
adist:udep	Breton	2.9824	854			
adist:udep	Buryat	2.7346	162			
adist:udep	Cantonese	3.3726	475			
adist:udep	Cappadocian	3.0819	281			
adist:udep	Cebuano	2.0	105			
adist:udep	Central_Kurdish	2.8333	30			
adist:udep	Chinese	2.8119	1026			
adist:udep	Chintang	2.1961	571			
adist:udep	Chukchi	1.8013	302			
adist:udep	Classical_Chinese	1.3611	36			
adist:udep	Czech	3.1062	565			
adist:udep	English	2.362	4180			
adist:udep	Esperanto	1.9086	350			
adist:udep	Faroese	1.614	987			
adist:udep	Finnish	2.8368	1495			
adist:udep	French	2.9822	506			
adist:udep	Frisian_Dutch	2.5017	289			
adist:udep	Gheg	2.154	1039			
adist:udep	Greek	2.4377	1364			
adist:udep	Guajajara	2.0821	1559			
adist:udep	Guarani	1.8913	46			
adist:udep	Gujarati	2.8601	193			
adist:udep	Gwichin	1.8372	43			
adist:udep	Haitian_Creole	1.6404	406			
adist:udep	Hausa	1.2101	119			
adist:udep	Hebrew	2.3393	946			
adist:udep	Highland_Puebla_Nahuatl	1.6828	454			
adist:udep	Hittite	2.6078	102			
adist:udep	Irish	3.0835	527			
adist:udep	Italian	2.3471	507			
adist:udep	Javanese	2.4714	1173			
adist:udep	Kangri	2.9483	271			
adist:udep	Karelian	2.7855	331			
adist:udep	Karo	2.0854	82			
adist:udep	Kazakh	3.7031	832			
adist:udep	Kiche	2.2279	623			
adist:udep	Komi_Permyak	1.8557	97			
adist:udep	Komi_Zyrian	2.3188	966			
adist:udep	Korean	3.371	2504			
adist:udep	Kyrgyz	1.8585	106			
adist:udep	Ligurian	2.6819	698			
adist:udep	Lithuanian	2.6237	295			
adist:udep	Livvi	2.0	152			
adist:udep	Macedonian	1.3816	76			
adist:udep	Malayalam	3.7	170			
adist:udep	Marathi	1.6409	337			
adist:udep	Mbya_Guarani	3.5926	81			
adist:udep	Middle_Armenian	2.2027	74			
adist:udep	Middle_French	2.8525	861			
adist:udep	Moksha	1.8118	457			
adist:udep	Munduruku	1.9595	173			
adist:udep	Naga	1.8642	162			
adist:udep	Nepali	4.1282	39			
adist:udep	Northern_Kurdish	4.5614	1188			
adist:udep	Northwest_Gbaya	1.0	54			
adist:udep	Odia	4.3178	494			
adist:udep	Old_French	2.2061	1601			
adist:udep	Old_Georgian	3.8164	708			
adist:udep	Old_Irish	2.0349	86			
adist:udep	Ottoman_Turkish	3.8939	990			
adist:udep	Pashto	5.0859	792			
adist:udep	Pesh	2.8634	161			
adist:udep	Phrygian	2.3673	98			
adist:udep	Polish	3.0491	1610			
adist:udep	Punjabi	3.451	337			
adist:udep	Romanian	2.2214	393			
adist:udep	Ruuli	1.5015	335			
adist:udep	Sanskrit	2.68	125			
adist:udep	Shanghainese	2.1902	163			
adist:udep	Sicilian	2.1424	913			
adist:udep	Sinhala	2.8626	131			
adist:udep	Skolt_Sami	1.7851	121			
adist:udep	South_Levantine_Arabic	2.1695	59			
adist:udep	Southern_Kurdish	1.9759	166			
adist:udep	Spanish	2.5353	439			
adist:udep	Spanish_Sign_Language	2.119	42			
adist:udep	Swedish	2.072	931			
adist:udep	Swedish_Sign_Language	1.8115	122			
adist:udep	Tagalog	2.0497	161			
adist:udep	Tamil	3.2868	1182			
adist:udep	Tatar	5.0456	241			
adist:udep	Teko	1.4397	307			
adist:udep	Telugu	1.6605	433			
adist:udep	Tupinamba	2.25	440			
adist:udep	Turkish	2.9451	3662			
adist:udep	Turkish_English	1.7667	30			
adist:udep	Umbrian	2.6076	158			
adist:udep	Upper_Sorbian	3.6294	1055			
adist:udep	Uzbek	3.3046	1425			
adist:udep	Veps	2.2794	136			
adist:udep	Vietnamese	2.0946	148			
adist:udep	Wolof	2.5794	2701			
adist:udep	Xavante	2.4348	138			
adist:udep	Xibe	4.6364	1235			
adist:udep	Yakut	1.9515	103			
adist:udep	Yoruba	2.263	616			
adist:udep	Yupik	3.6812	69			
adist:udep	Zazaki	2.1102	118			
dir:cc	Abkhaz	0.0	85	0	0.0	4.324
dir:cc	Akkadian	0.0	102	0	0.0	3.629
dir:cc	Albanian	2.0	150	3	0.682	5.715
dir:cc	Alemannic	0.0	35	0	0.0	9.89
dir:cc	Amharic	79.0698	86	68	69.323	86.33
dir:cc	Bambara	0.0	65	0	0.0	5.58
dir:cc	Bavarian	0.266	376	1	0.047	1.491
dir:cc	Beja	91.4454	339	310	87.984	93.978
dir:cc	Bhojpuri	23.3333	30	7	11.792	40.928
dir:cc	Breton	2.9126	206	6	1.342	6.208
dir:cc	Buryat	72.1519	79	57	61.418	80.832
dir:cc	Cantonese	1.2658	79	1	0.224	6.828
dir:cc	Cappadocian	5.1643	213	11	2.908	9.009
dir:cc	Chinese	1.1029	272	3	0.376	3.192
dir:cc	Chintang	40.9972	361	148	36.044	46.14
dir:cc	Chukchi	0.813	123	1	0.144	4.462
dir:cc	Czech	0.9434	212	2	0.259	3.374
dir:cc	English	0.0	1654	0	0.0	0.232
dir:cc	Esperanto	1.9608	153	3	0.669	5.606
dir:cc	Faroese	0.3367	297	1	0.059	1.882
dir:cc	Finnish	0.0	599	0	0.0	0.637
dir:cc	French	0.0	149	0	0.0	2.513
dir:cc	Frisian_Dutch	0.0	107	0	0.0	3.466
dir:cc	Gheg	0.0955	1047	1	0.017	0.539
dir:cc	Greek	1.2405	1048	13	0.726	2.111
dir:cc	Guajajara	2.0202	99	2	0.556	7.069
dir:cc	Gujarati	3.8462	52	2	1.061	12.981
dir:cc	Haitian_Creole	0.0	53	0	0.0	6.758
dir:cc	Hausa	1.5894	755	12	0.912	2.757
dir:cc	Hebrew	2.88	625	18	1.829	4.506
dir:cc	Highland_Puebla_Nahuatl	0.2183	458	1	0.039	1.226
dir:cc	Hittite	12.6437	87	11	7.209	21.238
dir:cc	Ika	0.0	43	0	0.0	8.201
dir:cc	Irish	0.0	199	0	0.0	1.894
dir:cc	Italian	0.0	273	0	0.0	1.388
dir:cc	Javanese	0.0	308	0	0.0	1.232
dir:cc	Karelian	0.0	156	0	-0.0	2.403
dir:cc	Kazakh	3.0	200	6	1.382	6.389
dir:cc	Kiche	0.0	41	0	-0.0	8.567
dir:cc	Komi_Permyak	0.0	43	0	0.0	8.201
dir:cc	Komi_Zyrian	0.8949	447	4	0.349	2.278
dir:cc	Korean	3.869	336	13	2.275	6.506
dir:cc	Ligurian	0.0	243	0	0.0	1.556
dir:cc	Lithuanian	0.0	296	0	-0.0	1.281
dir:cc	Livvi	0.0	71	0	0.0	5.133
dir:cc	Macedonian	2.381	84	2	0.655	8.271
dir:cc	Malayalam	87.0968	93	81	78.788	92.462
dir:cc	Marathi	1.5385	65	1	0.272	8.213
dir:cc	Middle_Armenian	0.0	124	0	0.0	3.005
dir:cc	Middle_French	0.0	442	0	-0.0	0.862
dir:cc	Moksha	0.6211	161	1	0.11	3.434
dir:cc	Nepali	13.9535	43	6	6.556	27.264
dir:cc	Northern_Kurdish	10.989	364	40	8.174	14.618
dir:cc	Northwest_Gbaya	0.0	235	0	0.0	1.608
dir:cc	Odia	28.6624	157	45	22.165	36.179
dir:cc	Old_French	0.0	772	0	0.0	0.495
dir:cc	Old_Georgian	0.1681	595	1	0.03	0.946
dir:cc	Ottoman_Turkish	1.1811	254	3	0.402	3.414
dir:cc	Pashto	2.5271	277	7	1.229	5.123
dir:cc	Phrygian	52.1368	117	61	43.162	60.976
dir:cc	Polish	0.1754	570	1	0.031	0.987
dir:cc	Punjabi	45.0549	91	41	35.24	55.271
dir:cc	Romanian	3.1447	159	5	1.351	7.149
dir:cc	Ruuli	0.6711	149	1	0.119	3.703
dir:cc	Sanskrit	52.9412	34	18	36.737	68.548
dir:cc	Sicilian	0.2392	418	1	0.042	1.343
dir:cc	Skolt_Sami	0.5714	175	1	0.101	3.165
dir:cc	Spanish	1.2195	410	5	0.522	2.823
dir:cc	Swedish	0.0	543	0	0.0	0.702
dir:cc	Tamil	56.4815	108	61	47.068	65.45
dir:cc	Tatar	1.7544	57	1	0.31	9.291
dir:cc	Turkish	1.6598	723	12	0.952	2.879
dir:cc	Upper_Sorbian	1.1161	448	5	0.478	2.586
dir:cc	Uzbek	5.1064	235	12	2.945	8.712
dir:cc	Veps	0.0	61	0	-0.0	5.924
dir:cc	Vietnamese	0.0	47	0	-0.0	7.556
dir:cc	Wolof	0.0732	1367	1	0.013	0.413
dir:cc	Xibe	0.9434	106	1	0.167	5.151
dir:cc	Yakut	5.5556	36	2	1.537	18.145
dir:cc	Yoruba	1.1429	350	4	0.445	2.901
dir:comp	Abaza	11.7188	128	15	7.232	18.437
dir:comp	Abkhaz	2.519	2104	53	1.931	3.28
dir:comp	Akkadian	73.8786	379	280	69.232	78.046
dir:comp	Akuntsu	10.2941	204	21	6.832	15.224
dir:comp	Albanian	84.0336	1309	1100	81.95	85.918
dir:comp	Alemannic	75.895	419	318	71.576	79.743
dir:comp	Amharic	49.4789	3838	1899	47.898	51.06
dir:comp	Apurina	71.6129	155	111	64.059	78.121
dir:comp	Assamese	12.8571	140	18	8.29	19.408
dir:comp	Assyrian	74.4681	141	105	66.688	80.95
dir:comp	Azerbaijani	8.7591	137	12	5.082	14.686
dir:comp	Bambara	52.703	4273	2252	51.204	54.197
dir:comp	Bavarian	75.7923	3755	2846	74.396	77.136
dir:comp	Beja	7.1002	3014	214	6.237	8.073
dir:comp	Bengali	17.0213	47	8	8.886	30.14
dir:comp	Bhojpuri	11.5528	1610	186	10.082	13.207
dir:comp	Bokota	51.4318	873	449	48.117	54.734
dir:comp	Brahui	10.396	202	21	6.901	15.37
dir:comp	Breton	86.3364	3008	2597	85.063	87.518
dir:comp	Buryat	7.0555	1063	75	5.666	8.755
dir:comp	Cantonese	77.7494	2737	2128	76.153	79.268
dir:comp	Cappadocian	72.7438	1097	798	70.033	75.296
dir:comp	Cebuano	81.0748	428	347	77.094	84.503
dir:comp	Central_Kurdish	45.3125	128	58	36.951	53.947
dir:comp	Chinese	72.3787	5503	3983	71.182	73.544
dir:comp	Chintang	2.5475	2002	51	1.943	3.334
dir:comp	Chukchi	40.5995	367	149	35.698	45.696
dir:comp	Classical_Chinese	70.073	137	96	61.943	77.108
dir:comp	Czech	76.6782	1445	1108	74.429	78.786
dir:comp	English	96.5053	12476	12040	96.168	96.813
dir:comp	Esperanto	95.5381	762	728	93.83	96.79
dir:comp	Faroese	95.2362	2540	2419	94.337	95.998
dir:comp	Finnish	76.4812	2768	2117	74.865	78.024
dir:comp	French	87.6248	1503	1317	85.863	89.194
dir:comp	Frisian_Dutch	80.578	865	697	77.809	83.077
dir:comp	Gheg	71.7508	5586	4008	70.556	72.916
dir:comp	Gorontalo	100.0	76	76	95.189	100.0
dir:comp	Greek	84.6109	5166	4371	83.601	85.569
dir:comp	Guajajara	34.1552	1379	471	31.699	36.699
dir:comp	Gujarati	5.7082	473	27	3.952	8.178
dir:comp	Gwichin	0.6803	147	1	0.12	3.752
dir:comp	Haitian_Creole	98.5526	760	749	97.427	99.19
dir:comp	Hausa	98.3046	19995	19656	98.116	98.474
dir:comp	Hebrew	98.8564	2361	2334	98.341	99.213
dir:comp	Highland_Puebla_Nahuatl	87.9668	964	848	85.761	89.871
dir:comp	Hittite	24.8148	270	67	20.04	30.296
dir:comp	Ika	1.2141	1565	19	0.779	1.888
dir:comp	Irish	96.4688	1331	1284	95.336	97.334
dir:comp	Italian	89.2351	2118	1890	87.843	90.485
dir:comp	Javanese	98.6916	2140	2112	98.115	99.093
dir:comp	Kaapor	14.6341	82	12	8.574	23.859
dir:comp	Kadiweu	97.0588	34	33	85.084	99.479
dir:comp	Kangri	4.7026	723	34	3.385	6.5
dir:comp	Karelian	75.693	469	355	71.612	79.356
dir:comp	Karo	16.185	519	84	13.267	19.6
dir:comp	Kazakh	0.7143	1260	9	0.376	1.352
dir:comp	Kiche	86.6483	1453	1259	84.802	88.301
dir:comp	Komi_Permyak	65.0	160	104	57.336	71.96
dir:comp	Komi_Zyrian	56.3636	1430	806	53.78	58.914
dir:comp	Korean	0.3017	4309	13	0.176	0.516
dir:comp	Kyrgyz	1.3953	215	3	0.476	4.021
dir:comp	Latgalian	87.8788	33	29	72.674	95.184
dir:comp	Latvian	87.8788	33	29	72.674	95.184
dir:comp	Ligurian	81.1212	2087	1693	79.386	82.742
dir:comp	Lithuanian	83.4236	923	770	80.887	85.683
dir:comp	Livvi	72.5225	222	161	66.305	77.974
dir:comp	Luxembourgish	62.7451	51	32	49.025	74.679
dir:comp	Macedonian	74.3929	453	337	70.18	78.195
dir:comp	Malayalam	3.4582	347	12	1.989	5.947
dir:comp	Marathi	6.214	869	54	4.794	8.02
dir:comp	Mbya_Guarani	15.5172	290	45	11.804	20.132
dir:comp	Middle_Armenian	77.6978	278	216	72.446	82.195
dir:comp	Middle_French	90.8832	2106	1914	89.578	92.039
dir:comp	Moksha	68.3442	616	421	64.567	71.894
dir:comp	Munduruku	4.7619	210	10	2.607	8.542
dir:comp	Naga	3.653	657	24	2.467	5.378
dir:comp	Neapolitan	83.9286	56	47	72.194	91.307
dir:comp	Nenets	4.023	174	7	1.962	8.07
dir:comp	Nepali	5.7143	105	6	2.645	11.91
dir:comp	Northern_Kurdish	60.2225	2607	1570	58.33	62.085
dir:comp	Northwest_Gbaya	99.3895	819	814	98.579	99.739
dir:comp	Odia	11.6084	715	83	9.463	14.164
dir:comp	Old_English	85.3659	41	35	71.557	93.116
dir:comp	Old_French	89.0783	4752	4233	88.16	89.934
dir:comp	Old_Georgian	48.9104	1239	606	46.135	51.693
dir:comp	Old_Irish	98.3146	178	175	95.163	99.425
dir:comp	Old_Turkish	0.0	47	0	-0.0	7.556
dir:comp	Ottoman_Turkish	4.8202	1307	63	3.786	6.12
dir:comp	Pashto	51.8674	1901	986	49.62	54.107
dir:comp	Paumari	32.0	100	32	23.669	41.663
dir:comp	Pesh	5.1565	1086	56	3.992	6.637
dir:comp	Phrygian	25.3071	407	103	21.328	29.748
dir:comp	Polish	94.7274	5007	4743	94.073	95.313
dir:comp	Punjabi	18.6984	1091	204	16.496	21.12
dir:comp	Romanian	83.2821	1627	1355	81.391	85.016
dir:comp	Ruuli	93.1224	1454	1354	91.705	94.313
dir:comp	Sanskrit	21.5789	190	41	16.324	27.961
dir:comp	Shanghainese	82.613	2013	1663	80.896	84.206
dir:comp	Sicilian	76.9278	3281	2524	75.455	78.337
dir:comp	Sinhala	1.992	251	5	0.854	4.578
dir:comp	Skolt_Sami	67.5105	474	320	63.168	71.571
dir:comp	South_Levantine_Arabic	97.3913	230	224	94.427	98.799
dir:comp	Southern_Kurdish	60.793	227	138	54.313	66.914
dir:comp	Spanish	78.0885	1967	1536	76.207	79.861
dir:comp	Spanish_Sign_Language	61.3333	150	92	53.35	68.751
dir:comp	Swedish	95.2506	3432	3269	94.487	95.913
dir:comp	Swedish_Sign_Language	86.0215	186	160	80.306	90.279
dir:comp	Tagalog	86.1905	630	543	83.276	88.666
dir:comp	Tamil	0.4203	2379	10	0.228	0.772
dir:comp	Tatar	1.1364	264	3	0.387	3.287
dir:comp	Teko	39.3035	402	158	34.652	44.158
dir:comp	Telugu	1.3587	736	10	0.74	2.483
dir:comp	Telugu_English	20.8333	72	15	13.052	31.569
dir:comp	Tswana	79.4521	73	58	68.826	87.133
dir:comp	Tupinamba	21.4418	541	116	18.191	25.095
dir:comp	Turkish	2.0352	5454	111	1.693	2.445
dir:comp	Turkish_English	46.875	64	30	35.176	58.928
dir:comp	Umbrian	24.9231	325	81	20.532	29.9
dir:comp	Upper_Sorbian	85.6544	2147	1839	84.108	87.074
dir:comp	Uzbek	2.0773	1733	36	1.504	2.862
dir:comp	Veps	83.3333	228	190	77.952	87.61
dir:comp	Vietnamese	94.1432	461	434	91.613	95.944
dir:comp	Warlpiri	53.0973	113	60	43.946	62.045
dir:comp	Wolof	85.0423	13478	11462	84.43	85.634
dir:comp	Xavante	34.2298	409	140	29.797	38.956
dir:comp	Xibe	1.2584	3417	43	0.936	1.691
dir:comp	Yakut	4.3716	183	8	2.232	8.388
dir:comp	Yoruba	86.3693	2399	2072	84.938	87.684
dir:comp	Yupik	42.6752	157	67	35.204	50.496
dir:comp	Zazaki	18.8679	318	60	14.949	23.53
dir:comp:aux	Akuntsu	5.8824	34	2	1.628	19.094
dir:comp:aux	Albanian	100.0	97	97	96.191	100.0
dir:comp:aux	Alemannic	82.0755	106	87	73.694	88.214
dir:comp:aux	Amharic	6.051	314	19	3.908	9.257
dir:comp:aux	Bambara	99.3483	1381	1372	98.766	99.657
dir:comp:aux	Bavarian	64.9924	657	427	61.267	68.543
dir:comp:aux	Beja	0.7812	128	1	0.138	4.293
dir:comp:aux	Bhojpuri	0.9585	313	3	0.326	2.78
dir:comp:aux	Bokota	96.124	258	248	93.013	97.881
dir:comp:aux	Breton	60.3175	567	342	56.234	64.262
dir:comp:aux	Buryat	0.0	138	0	0.0	2.708
dir:comp:aux	Cantonese	68.9487	409	282	64.306	73.239
dir:comp:aux	Cappadocian	94.5205	146	138	89.561	97.198
dir:comp:aux	Chinese	64.4951	614	396	60.631	68.179
dir:comp:aux	Chintang	0.0	90	0	0.0	4.094
dir:comp:aux	Chukchi	85.1064	47	40	72.314	92.593
dir:comp:aux	Czech	59.0909	66	39	47.049	70.133
dir:comp:aux	English	99.9445	1803	1802	99.686	99.99
dir:comp:aux	Esperanto	98.1481	54	53	90.229	99.672
dir:comp:aux	Faroese	95.1456	103	98	89.136	97.909
dir:comp:aux	Finnish	98.5185	405	399	96.806	99.319
dir:comp:aux	French	100.0	56	56	93.581	100.0
dir:comp:aux	Frisian_Dutch	73.6842	76	56	62.819	82.271
dir:comp:aux	Gheg	99.6988	996	993	99.118	99.898
dir:comp:aux	Greek	98.9676	678	671	97.884	99.499
dir:comp:aux	Guajajara	3.8251	183	7	1.865	7.684
dir:comp:aux	Gujarati	2.2727	132	3	0.776	6.469
dir:comp:aux	Hausa	99.9868	7576	7575	99.925	99.998
dir:comp:aux	Highland_Puebla_Nahuatl	92.6316	95	88	85.564	96.385
dir:comp:aux	Ika	0.0	641	0	0.0	0.596
dir:comp:aux	Italian	100.0	457	457	99.166	100.0
dir:comp:aux	Javanese	99.6633	297	296	98.118	99.941
dir:comp:aux	Kangri	1.1494	174	2	0.316	4.093
dir:comp:aux	Karelian	98.3051	59	58	91.004	99.7
dir:comp:aux	Karo	30.303	132	40	23.112	38.608
dir:comp:aux	Kazakh	0.0	174	0	0.0	2.16
dir:comp:aux	Kiche	37.7273	220	83	31.585	44.291
dir:comp:aux	Komi_Permyak	94.8718	39	37	83.114	98.582
dir:comp:aux	Komi_Zyrian	85.5124	283	242	80.936	89.138
dir:comp:aux	Korean	0.0	577	0	0.0	0.661
dir:comp:aux	Kyrgyz	0.0	78	0	-0.0	4.694
dir:comp:aux	Ligurian	100.0	216	216	98.253	100.0
dir:comp:aux	Lithuanian	97.1429	35	34	85.467	99.494
dir:comp:aux	Livvi	100.0	35	35	90.11	100.0
dir:comp:aux	Macedonian	97.4359	39	38	86.819	99.546
dir:comp:aux	Marathi	6.2016	129	8	3.176	11.761
dir:comp:aux	Middle_French	94.6281	242	229	91.027	96.834
dir:comp:aux	Moksha	95.8904	146	140	91.325	98.103
dir:comp:aux	Naga	0.0	156	0	-0.0	2.403
dir:comp:aux	Northern_Kurdish	97.9452	146	143	94.133	99.299
dir:comp:aux	Old_French	92.9894	756	703	90.944	94.6
dir:comp:aux	Ottoman_Turkish	2.1505	93	2	0.592	7.505
dir:comp:aux	Pashto	30.1587	189	57	24.064	37.044
dir:comp:aux	Polish	76.1506	239	182	70.361	81.113
dir:comp:aux	Punjabi	8.3832	167	14	5.059	13.579
dir:comp:aux	Romanian	100.0	122	122	96.947	100.0
dir:comp:aux	Ruuli	100.0	45	45	92.135	100.0
dir:comp:aux	Shanghainese	66.4615	325	216	61.163	71.376
dir:comp:aux	Sicilian	99.5536	224	223	97.515	99.921
dir:comp:aux	Sinhala	0.0	40	0	0.0	8.762
dir:comp:aux	Skolt_Sami	94.4444	108	102	88.407	97.429
dir:comp:aux	Spanish	98.8095	84	83	93.56	99.79
dir:comp:aux	Swedish	99.0991	333	330	97.385	99.693
dir:comp:aux	Tamil	0.2882	694	2	0.079	1.045
dir:comp:aux	Tatar	0.0	43	0	0.0	8.201
dir:comp:aux	Turkish	0.2174	460	1	0.038	1.221
dir:comp:aux	Upper_Sorbian	100.0	49	49	92.73	100.0
dir:comp:aux	Uzbek	1.2987	77	1	0.23	6.996
dir:comp:aux	Veps	91.6667	48	44	80.447	96.712
dir:comp:aux	Vietnamese	85.0	40	34	70.928	92.939
dir:comp:aux	Warlpiri	92.0	50	46	81.162	96.845
dir:comp:aux	Wolof	77.2332	3101	2395	75.724	78.675
dir:comp:aux	Xavante	97.8947	95	93	92.646	99.421
dir:comp:aux	Xibe	0.0	73	0	0.0	4.999
dir:comp:aux	Yoruba	95.1289	349	332	92.338	96.937
dir:comp:obj	Abaza	12.6214	103	13	7.526	20.404
dir:comp:obj	Abkhaz	1.8896	1323	25	1.283	2.775
dir:comp:obj	Akkadian	78.1977	344	269	73.536	82.237
dir:comp:obj	Akuntsu	10.1796	167	17	6.453	15.697
dir:comp:obj	Albanian	92.3738	931	860	90.489	93.91
dir:comp:obj	Alemannic	79.0698	258	204	73.697	83.589
dir:comp:obj	Amharic	45.1461	2122	958	43.039	47.27
dir:comp:obj	Apurina	77.9528	127	99	69.981	84.283
dir:comp:obj	Assamese	13.2231	121	16	8.306	20.404
dir:comp:obj	Assyrian	95.122	82	78	88.119	98.087
dir:comp:obj	Azerbaijani	9.6154	104	10	5.307	16.801
dir:comp:obj	Bambara	23.6702	2632	623	22.085	25.332
dir:comp:obj	Bavarian	84.0391	2456	2064	82.538	85.434
dir:comp:obj	Beja	16.4634	1148	189	14.431	18.72
dir:comp:obj	Bengali	14.2857	35	5	6.26	29.376
dir:comp:obj	Bhojpuri	12.4178	1216	151	10.682	14.391
dir:comp:obj	Bokota	1.1765	255	3	0.401	3.401
dir:comp:obj	Brahui	11.8012	161	19	7.687	17.696
dir:comp:obj	Breton	95.9567	2127	2041	95.033	96.714
dir:comp:obj	Buryat	7.1698	795	57	5.575	9.177
dir:comp:obj	Cantonese	76.9527	2074	1596	75.091	78.714
dir:comp:obj	Cappadocian	71.7722	790	567	68.534	74.8
dir:comp:obj	Cebuano	80.8511	423	342	76.83	84.316
dir:comp:obj	Central_Kurdish	53.9326	89	48	43.629	63.91
dir:comp:obj	Chinese	70.1016	4231	2966	68.704	71.462
dir:comp:obj	Chintang	2.2596	1726	39	1.657	3.074
dir:comp:obj	Chukchi	39.0625	256	100	33.29	45.159
dir:comp:obj	Classical_Chinese	69.2308	130	90	60.84	76.517
dir:comp:obj	Czech	86.9942	1038	903	84.811	88.905
dir:comp:obj	English	96.7303	8533	8254	96.331	97.087
dir:comp:obj	Esperanto	95.4887	665	635	93.633	96.822
dir:comp:obj	Faroese	99.0119	1518	1503	98.376	99.4
dir:comp:obj	Finnish	70.8495	1801	1276	68.708	72.902
dir:comp:obj	French	94.8787	1113	1056	93.422	96.026
dir:comp:obj	Frisian_Dutch	82.7957	651	539	79.706	85.5
dir:comp:obj	Gheg	82.0006	3089	2533	80.606	83.315
dir:comp:obj	Gorontalo	100.0	71	71	94.867	100.0
dir:comp:obj	Greek	86.0818	3693	3179	84.928	87.161
dir:comp:obj	Guajajara	35.6027	896	319	32.535	38.793
dir:comp:obj	Gujarati	7.2993	274	20	4.775	11.005
dir:comp:obj	Gwichin	0.6849	146	1	0.121	3.777
dir:comp:obj	Haitian_Creole	98.4551	712	701	97.255	99.135
dir:comp:obj	Hausa	99.5045	9081	9036	99.338	99.629
dir:comp:obj	Hebrew	99.239	2234	2217	98.785	99.524
dir:comp:obj	Highland_Puebla_Nahuatl	89.5577	814	729	87.268	91.476
dir:comp:obj	Hittite	30.5556	216	66	24.797	36.994
dir:comp:obj	Ika	2.2857	350	8	1.163	4.445
dir:comp:obj	Irish	95.8534	1037	994	94.461	96.907
dir:comp:obj	Italian	93.1583	1257	1171	91.627	94.427
dir:comp:obj	Javanese	98.6366	1687	1664	97.962	99.09
dir:comp:obj	Kaapor	11.5942	69	8	5.993	21.246
dir:comp:obj	Kadiweu	96.875	32	31	84.256	99.446
dir:comp:obj	Kangri	6.5315	444	29	4.586	9.223
dir:comp:obj	Karelian	72.8614	339	247	67.891	77.319
dir:comp:obj	Karo	9.9715	351	35	7.257	13.552
dir:comp:obj	Kazakh	1.0262	877	9	0.541	1.939
dir:comp:obj	Kiche	95.8128	1218	1167	94.536	96.801
dir:comp:obj	Komi_Permyak	52.2523	111	58	43.041	61.313
dir:comp:obj	Komi_Zyrian	48.1299	1016	489	45.07	51.204
dir:comp:obj	Korean	0.4394	2731	12	0.252	0.766
dir:comp:obj	Kyrgyz	1.7094	117	2	0.47	6.019
dir:comp:obj	Ligurian	93.6795	1329	1245	92.241	94.866
dir:comp:obj	Lithuanian	84.626	722	611	81.812	87.073
dir:comp:obj	Livvi	64.4295	149	96	56.469	71.665
dir:comp:obj	Macedonian	87.1324	272	237	82.63	90.6
dir:comp:obj	Malayalam	3.1674	221	7	1.543	6.393
dir:comp:obj	Marathi	5.1696	619	32	3.685	7.207
dir:comp:obj	Mbya_Guarani	15.2778	288	44	11.582	19.888
dir:comp:obj	Middle_Armenian	83.8428	229	192	78.524	88.045
dir:comp:obj	Middle_French	94.7147	1665	1577	93.533	95.69
dir:comp:obj	Moksha	60.2941	408	246	55.472	64.925
dir:comp:obj	Munduruku	4.6392	194	9	2.46	8.58
dir:comp:obj	Naga	4.2889	443	19	2.763	6.601
dir:comp:obj	Neapolitan	87.8788	33	29	72.674	95.184
dir:comp:obj	Nenets	3.012	166	5	1.293	6.856
dir:comp:obj	Nepali	7.2464	69	5	3.135	15.867
dir:comp:obj	Northern_Kurdish	63.8671	2167	1384	61.822	65.864
dir:comp:obj	Northwest_Gbaya	99.2308	260	258	97.239	99.789
dir:comp:obj	Odia	11.6239	585	68	9.273	14.475
dir:comp:obj	Old_French	93.5276	3569	3338	92.673	94.289
dir:comp:obj	Old_Georgian	50.4386	912	460	47.199	53.675
dir:comp:obj	Old_Irish	98.773	163	161	95.637	99.663
dir:comp:obj	Ottoman_Turkish	5.3794	1041	56	4.166	6.921
dir:comp:obj	Pashto	61.0554	1497	914	58.56	63.494
dir:comp:obj	Paumari	44.6429	56	25	32.387	57.587
dir:comp:obj	Pesh	3.2258	837	27	2.226	4.653
dir:comp:obj	Phrygian	45.1777	197	89	38.387	52.153
dir:comp:obj	Polish	98.1325	3427	3363	97.622	98.535
dir:comp:obj	Punjabi	18.742	779	146	16.157	21.633
dir:comp:obj	Romanian	91.875	1120	1029	90.128	93.336
dir:comp:obj	Ruuli	92.4635	1234	1141	90.855	93.808
dir:comp:obj	Sanskrit	19.3548	124	24	13.366	27.186
dir:comp:obj	Shanghainese	84.4164	1508	1273	82.499	86.159
dir:comp:obj	Sicilian	90.6711	2101	1905	89.352	91.842
dir:comp:obj	Sinhala	2.1505	186	4	0.839	5.398
dir:comp:obj	Skolt_Sami	59.2593	297	176	53.587	64.695
dir:comp:obj	South_Levantine_Arabic	97.7011	174	170	94.239	99.102
dir:comp:obj	Southern_Kurdish	60.793	227	138	54.313	66.914
dir:comp:obj	Spanish	84.9005	1457	1237	82.97	86.647
dir:comp:obj	Spanish_Sign_Language	59.2	125	74	50.435	67.416
dir:comp:obj	Swedish	97.0072	2506	2431	96.265	97.606
dir:comp:obj	Swedish_Sign_Language	83.9695	131	110	76.734	89.269
dir:comp:obj	Tagalog	85.9451	619	532	82.985	88.462
dir:comp:obj	Tamil	0.4679	1496	7	0.227	0.963
dir:comp:obj	Tatar	1.4851	202	3	0.506	4.275
dir:comp:obj	Teko	36.9565	322	119	31.867	42.354
dir:comp:obj	Telugu	1.2012	666	8	0.61	2.352
dir:comp:obj	Telugu_English	17.7419	62	11	10.206	29.042
dir:comp:obj	Tswana	100.0	40	40	91.238	100.0
dir:comp:obj	Tupinamba	18.3953	511	94	15.276	21.986
dir:comp:obj	Turkish	2.788	3802	106	2.31	3.361
dir:comp:obj	Turkish_English	47.0588	51	24	34.053	60.477
dir:comp:obj	Umbrian	23.8806	268	64	19.168	29.331
dir:comp:obj	Upper_Sorbian	91.2833	1652	1508	89.825	92.55
dir:comp:obj	Uzbek	2.1091	1375	29	1.472	3.013
dir:comp:obj	Veps	85.1852	135	115	78.223	90.2
dir:comp:obj	Vietnamese	94.8276	348	330	91.973	96.703
dir:comp:obj	Warlpiri	17.6471	51	9	9.572	30.254
dir:comp:obj	Wolof	87.6907	8587	7530	86.979	88.369
dir:comp:obj	Xavante	16.7273	275	46	12.781	21.59
dir:comp:obj	Xibe	0.6631	3167	21	0.434	1.012
dir:comp:obj	Yakut	4.7619	147	7	2.326	9.502
dir:comp:obj	Yoruba	91.8506	1767	1623	90.482	93.037
dir:comp:obj	Yupik	43.6242	149	65	35.921	51.648
dir:comp:obj	Zazaki	18.9394	264	50	14.671	24.098
dir:comp:obl	Abkhaz	4.7203	572	27	3.264	6.781
dir:comp:obl	Akkadian	32.3529	34	11	19.132	49.157
dir:comp:obl	Albanian	41.4286	140	58	33.604	49.711
dir:comp:obl	Amharic	19.7917	96	19	13.053	28.855
dir:comp:obl	Bambara	100.0	255	255	98.516	100.0
dir:comp:obl	Bavarian	54.2484	153	83	46.347	61.942
dir:comp:obl	Beja	0.998	501	5	0.427	2.315
dir:comp:obl	Bhojpuri	51.7241	58	30	39.162	64.072
dir:comp:obl	Bokota	97.6923	130	127	93.435	99.212
dir:comp:obl	Breton	91.5663	83	76	83.6	95.855
dir:comp:obl	Buryat	11.8644	59	7	5.868	22.524
dir:comp:obl	Cantonese	97.1631	141	137	92.933	98.891
dir:comp:obl	Cappadocian	67.6471	68	46	55.844	77.562
dir:comp:obl	Central_Kurdish	28.5714	35	10	16.327	45.055
dir:comp:obl	Chinese	97.0199	302	293	94.434	98.424
dir:comp:obl	Chintang	8.0	150	12	4.635	13.462
dir:comp:obl	Czech	45.8065	155	71	38.159	53.657
dir:comp:obl	English	98.2709	694	682	97.002	99.008
dir:comp:obl	Finnish	100.0	50	50	92.865	100.0
dir:comp:obl	French	74.0157	127	94	65.763	80.858
dir:comp:obl	Frisian_Dutch	81.8182	33	27	65.612	91.389
dir:comp:obl	Gheg	55.6745	467	260	51.141	60.116
dir:comp:obl	Greek	44.3966	232	103	38.146	50.83
dir:comp:obl	Guajajara	48.3333	300	145	42.735	53.973
dir:comp:obl	Hausa	100.0	1789	1789	99.786	100.0
dir:comp:obl	Ika	6.3492	126	8	3.252	12.029
dir:comp:obl	Italian	60.2941	136	82	51.897	68.126
dir:comp:obl	Javanese	90.9091	44	40	78.841	96.408
dir:comp:obl	Korean	0.0	349	0	0.0	1.089
dir:comp:obl	Ligurian	50.2674	187	94	43.168	57.356
dir:comp:obl	Lithuanian	68.6747	83	57	58.059	77.639
dir:comp:obl	Macedonian	62.0	50	31	48.15	74.137
dir:comp:obl	Marathi	25.0	44	11	14.574	39.441
dir:comp:obl	Middle_French	63.4146	82	52	52.607	73.021
dir:comp:obl	Naga	8.1633	49	4	3.22	19.189
dir:comp:obl	Northwest_Gbaya	99.4595	185	184	97.002	99.905
dir:comp:obl	Odia	4.2553	47	2	1.175	14.249
dir:comp:obl	Old_French	44.382	178	79	37.278	51.723
dir:comp:obl	Old_Georgian	71.2121	132	94	62.975	78.25
dir:comp:obl	Ottoman_Turkish	5.1282	78	4	2.012	12.457
dir:comp:obl	Pesh	28.5714	63	18	18.903	40.703
dir:comp:obl	Phrygian	11.6667	120	14	7.078	18.633
dir:comp:obl	Polish	91.4286	805	736	89.293	93.171
dir:comp:obl	Punjabi	31.25	80	25	22.15	42.068
dir:comp:obl	Romanian	54.386	114	62	45.249	63.237
dir:comp:obl	Ruuli	82.8571	35	29	67.318	91.897
dir:comp:obl	Sanskrit	25.7143	35	9	14.163	42.069
dir:comp:obl	Shanghainese	94.1176	68	64	85.828	97.689
dir:comp:obl	Sicilian	44.7307	427	191	40.082	49.473
dir:comp:obl	Spanish	53.6145	166	89	46.032	61.033
dir:comp:obl	Swedish	100.0	111	111	96.655	100.0
dir:comp:obl	Tamil	0.5376	186	1	0.095	2.982
dir:comp:obl	Telugu	2.8571	70	2	0.787	9.832
dir:comp:obl	Turkish	1.6667	240	4	0.65	4.206
dir:comp:obl	Umbrian	45.4545	33	15	29.843	62.014
dir:comp:obl	Uzbek	3.7736	106	4	1.477	9.303
dir:comp:obl	Wolof	94.8409	1163	1103	93.416	95.971
dir:comp:obl	Yoruba	81.0127	79	64	71.007	88.142
dir:comp:pred	Abkhaz	0.5495	182	1	0.097	3.046
dir:comp:pred	Albanian	87.6289	97	85	79.611	92.78
dir:comp:pred	Amharic	0.5587	179	1	0.099	3.096
dir:comp:pred	Assyrian	18.75	32	6	8.89	35.309
dir:comp:pred	Bavarian	64.8084	287	186	59.121	70.105
dir:comp:pred	Beja	0.0	198	0	0.0	1.903
dir:comp:pred	Breton	59.3886	229	136	52.924	65.544
dir:comp:pred	Buryat	15.493	71	11	8.877	25.651
dir:comp:pred	Cantonese	100.0	113	113	96.712	100.0
dir:comp:pred	Cappadocian	58.6667	75	44	47.367	69.122
dir:comp:pred	Chinese	98.7179	234	231	96.299	99.563
dir:comp:pred	Chintang	0.0	36	0	0.0	9.642
dir:comp:pred	Chukchi	11.6667	60	7	5.768	22.179
dir:comp:pred	Czech	56.25	80	45	45.341	66.586
dir:comp:pred	English	97.5169	1329	1296	96.533	98.227
dir:comp:pred	Faroese	89.1232	901	803	86.922	90.993
dir:comp:pred	Finnish	76.5625	512	392	72.704	80.026
dir:comp:pred	French	94.8276	116	110	89.173	97.608
dir:comp:pred	Frisian_Dutch	79.7468	79	63	69.604	87.131
dir:comp:pred	Gheg	92.1162	241	222	88.016	94.895
dir:comp:pred	Greek	82.5911	494	408	78.999	85.68
dir:comp:pred	Gujarati	1.9608	51	1	0.347	10.305
dir:comp:pred	Hausa	72.7188	1074	781	69.978	75.298
dir:comp:pred	Hebrew	87.013	77	67	77.718	92.79
dir:comp:pred	Highland_Puebla_Nahuatl	51.1628	43	22	36.752	65.383
dir:comp:pred	Ika	1.6304	184	3	0.556	4.683
dir:comp:pred	Irish	98.5765	281	277	96.398	99.445
dir:comp:pred	Italian	98.8235	170	168	95.813	99.677
dir:comp:pred	Javanese	100.0	112	112	96.684	100.0
dir:comp:pred	Kangri	1.1765	85	1	0.208	6.367
dir:comp:pred	Karelian	69.6429	56	39	56.664	80.1
dir:comp:pred	Kazakh	0.0	199	0	0.0	1.894
dir:comp:pred	Komi_Zyrian	53.5714	112	60	44.37	62.536
dir:comp:pred	Korean	0.1534	652	1	0.027	0.864
dir:comp:pred	Ligurian	99.1453	117	116	95.317	99.849
dir:comp:pred	Lithuanian	81.9277	83	68	72.3	88.731
dir:comp:pred	Livvi	76.4706	34	26	60.004	87.563
dir:comp:pred	Malayalam	1.9802	101	2	0.545	6.935
dir:comp:pred	Marathi	3.8961	77	3	1.334	10.84
dir:comp:pred	Middle_Armenian	45.7143	35	16	30.466	61.81
dir:comp:pred	Middle_French	98.2143	56	55	90.554	99.684
dir:comp:pred	Moksha	64.4444	45	29	49.836	76.781
dir:comp:pred	Northern_Kurdish	9.058	276	25	6.211	13.029
dir:comp:pred	Odia	16.8831	77	13	10.141	26.773
dir:comp:pred	Old_French	96.4286	112	108	91.175	98.603
dir:comp:pred	Old_Georgian	26.6667	195	52	20.954	33.28
dir:comp:pred	Ottoman_Turkish	1.0526	95	1	0.186	5.724
dir:comp:pred	Pashto	2.139	187	4	0.835	5.37
dir:comp:pred	Pesh	4.3478	115	5	1.871	9.776
dir:comp:pred	Phrygian	0.0	89	0	0.0	4.138
dir:comp:pred	Polish	81.8868	265	217	76.805	86.057
dir:comp:pred	Punjabi	29.2308	65	19	19.583	41.196
dir:comp:pred	Romanian	85.5346	159	136	79.229	90.164
dir:comp:pred	Ruuli	99.2857	140	139	96.065	99.874
dir:comp:pred	Shanghainese	98.2143	112	110	93.722	99.509
dir:comp:pred	Sicilian	95.9799	199	191	92.269	97.949
dir:comp:pred	Skolt_Sami	63.7931	58	37	50.928	74.945
dir:comp:pred	Spanish	93.6	125	117	87.878	96.722
dir:comp:pred	Swedish	90.8873	417	379	87.739	93.289
dir:comp:pred	Teko	44.4444	72	32	33.539	55.913
dir:comp:pred	Turkish	0.0	952	0	0.0	0.402
dir:comp:pred	Upper_Sorbian	86.5613	253	219	81.808	90.221
dir:comp:pred	Uzbek	1.1429	175	2	0.314	4.071
dir:comp:pred	Veps	67.4419	43	29	52.516	79.507
dir:comp:pred	Vietnamese	95.9184	49	47	86.287	98.873
dir:comp:pred	Wolof	69.6629	623	434	65.942	73.143
dir:comp:pred	Xibe	13.4615	156	21	8.976	19.703
dir:comp:pred	Yoruba	96.3636	55	53	87.677	98.997
dir:dependent	Abaza	14.7126	435	64	11.693	18.35
dir:dependent	Abkhaz	10.5732	6961	736	9.872	11.317
dir:dependent	Akkadian	68.0882	1360	926	65.563	70.512
dir:dependent	Akuntsu	28.0677	709	199	24.885	31.487
dir:dependent	Albanian	59.8818	3385	2027	58.22	61.521
dir:dependent	Alemannic	46.7033	1092	510	43.761	49.669
dir:dependent	Amharic	44.8253	7585	3400	43.709	45.947
dir:dependent	Apurina	40.1015	591	237	36.226	44.105
dir:dependent	Assamese	8.4507	568	48	6.433	11.027
dir:dependent	Assyrian	54.0	300	162	48.345	59.554
dir:dependent	Azerbaijani	4.8544	515	25	3.309	7.068
dir:dependent	Bambara	43.3544	9796	4247	42.376	44.338
dir:dependent	Bavarian	45.4284	10795	4904	44.491	46.369
dir:dependent	Beja	23.7489	8333	1979	22.847	24.675
dir:dependent	Bengali	15.1515	165	25	10.478	21.41
dir:dependent	Bhojpuri	6.8247	3839	262	6.069	7.666
dir:dependent	Bokota	43.7756	1711	749	41.441	46.138
dir:dependent	Brahui	8.3994	631	53	6.479	10.823
dir:dependent	Breton	66.1675	7413	4905	65.082	67.236
dir:dependent	Buryat	10.18	6110	622	9.447	10.963
dir:dependent	Cantonese	42.9529	8649	3715	41.913	43.999
dir:dependent	Cappadocian	43.632	3337	1456	41.958	45.321
dir:dependent	Cebuano	70.2875	939	660	67.287	73.123
dir:dependent	Central_Kurdish	37.3786	412	154	32.844	42.147
dir:dependent	Chinese	31.5988	15143	4785	30.863	32.344
dir:dependent	Chintang	23.4206	8864	2076	22.551	24.314
dir:dependent	Chukchi	38.4926	3224	1241	36.828	40.185
dir:dependent	Classical_Chinese	30.1811	497	150	26.31	34.356
dir:dependent	Czech	51.6121	4187	2161	50.098	53.124
dir:dependent	English	54.0536	35561	19222	53.535	54.571
dir:dependent	Esperanto	49.5984	2490	1235	47.637	51.561
dir:dependent	Faroese	60.094	6598	3965	58.907	61.269
dir:dependent	Finnish	42.4484	10905	4629	41.524	43.379
dir:dependent	French	54.4831	4082	2224	52.952	56.006
dir:dependent	Frisian_Dutch	47.4772	2854	1355	45.65	49.311
dir:dependent	Gheg	48.9143	12665	6195	48.044	49.785
dir:dependent	Gorontalo	72.7848	158	115	65.366	79.122
dir:dependent	Greek	49.984	15623	7809	49.2	50.768
dir:dependent	Guajajara	65.4858	6351	4159	64.307	66.645
dir:dependent	Guarani	45.2703	148	67	37.472	53.308
dir:dependent	Gujarati	7.1601	1243	89	5.855	8.729
dir:dependent	Gwichin	10.8696	322	35	7.92	14.742
dir:dependent	Haitian_Creole	65.9048	2669	1759	64.085	67.679
dir:dependent	Hausa	76.6412	34745	26629	76.193	77.083
dir:dependent	Hebrew	67.2342	6461	4344	66.08	68.368
dir:dependent	Highland_Puebla_Nahuatl	42.5567	5515	2347	41.257	43.866
dir:dependent	Hittite	20.3499	1086	221	18.062	22.847
dir:dependent	Ika	29.5455	3608	1066	28.079	31.055
dir:dependent	Irish	75.8488	3652	2770	74.434	77.209
dir:dependent	Italian	54.1261	5138	2781	52.761	55.485
dir:dependent	Javanese	67.8845	9799	6652	66.953	68.802
dir:dependent	Kaapor	30.8824	272	84	25.69	36.607
dir:dependent	Kadiweu	36.9318	176	65	30.152	44.27
dir:dependent	Kangri	4.5565	1646	75	3.65	5.674
dir:dependent	Karelian	37.9219	1896	719	35.764	40.128
dir:dependent	Karo	30.7974	1367	421	28.407	33.296
dir:dependent	Kazakh	2.2385	6433	144	1.904	2.629
dir:dependent	Kiche	56.025	6083	3408	54.774	57.268
dir:dependent	Komi_Permyak	35.188	665	234	31.653	38.893
dir:dependent	Komi_Zyrian	31.118	6440	2004	29.999	32.26
dir:dependent	Korean	1.7284	18399	318	1.55	1.927
dir:dependent	Kyrgyz	7.0312	768	54	5.429	9.061
dir:dependent	Latgalian	40.0	100	40	30.94	49.8
dir:dependent	Latvian	40.404	99	40	31.272	50.253
dir:dependent	Ligurian	54.4747	5140	2800	53.11	55.832
dir:dependent	Lithuanian	38.2743	3245	1242	36.617	39.96
dir:dependent	Livvi	38.2322	939	359	35.178	41.382
dir:dependent	Luxembourgish	33.0882	136	45	25.74	41.365
dir:dependent	Macedonian	54.0571	875	473	50.745	57.334
dir:dependent	Madi	26.1538	65	17	17.018	37.951
dir:dependent	Makurap	35.2941	102	36	26.708	44.948
dir:dependent	Malayalam	9.8773	1549	153	8.489	11.464
dir:dependent	Marathi	5.753	2364	136	4.884	6.765
dir:dependent	Mbya_Guarani	26.6069	669	178	23.399	30.082
dir:dependent	Middle_Armenian	43.2361	754	326	39.743	46.798
dir:dependent	Middle_French	54.2069	5693	3086	52.91	55.498
dir:dependent	Moksha	34.3047	2711	930	32.541	36.113
dir:dependent	Munduruku	28.5266	638	182	25.16	32.151
dir:dependent	Naga	12.4091	1926	239	11.011	13.957
dir:dependent	Neapolitan	49.2857	140	69	41.135	57.475
dir:dependent	Nenets	13.0012	823	107	10.874	15.472
dir:dependent	Nepali	14.0741	540	76	11.394	17.262
dir:dependent	Northern_Kurdish	44.2979	7129	3158	43.148	45.454
dir:dependent	Northwest_Gbaya	59.7163	2115	1263	57.61	61.787
dir:dependent	Odia	7.3438	3554	261	6.532	8.248
dir:dependent	Old_English	45.8716	109	50	36.817	55.207
dir:dependent	Old_French	51.7669	12593	6519	50.894	52.639
dir:dependent	Old_Georgian	34.2156	5214	1784	32.94	35.515
dir:dependent	Old_Irish	64.5015	662	427	60.782	68.053
dir:dependent	Old_Turkish	7.3171	82	6	3.396	15.058
dir:dependent	Ottoman_Turkish	7.6607	6579	504	7.042	8.328
dir:dependent	Pashto	25.6915	4881	1254	24.485	26.936
dir:dependent	Paumari	36.803	269	99	31.263	42.714
dir:dependent	Pesh	29.6729	2568	762	27.937	31.469
dir:dependent	Phrygian	23.9631	1085	260	21.518	26.592
dir:dependent	Polish	64.651	13279	8585	63.834	65.46
dir:dependent	Punjabi	14.6924	2845	418	13.439	16.041
dir:dependent	Romanian	62.7172	3798	2382	61.167	64.242
dir:dependent	Ruuli	71.6653	3621	2595	70.175	73.109
dir:dependent	Sanskrit	17.7482	1279	227	15.752	19.938
dir:dependent	Shanghainese	47.7218	5421	2587	46.394	49.053
dir:dependent	Sicilian	51.4768	7990	4113	50.381	52.572
dir:dependent	Sinhala	3.3827	946	32	2.406	4.736
dir:dependent	Skolt_Sami	34.7772	1616	562	32.494	37.133
dir:dependent	South_Levantine_Arabic	82.3529	527	434	78.867	85.37
dir:dependent	Southern_Kurdish	46.1171	837	386	42.765	49.504
dir:dependent	Spanish	50.7637	5238	2659	49.41	52.116
dir:dependent	Spanish_Sign_Language	37.7612	670	253	34.17	41.492
dir:dependent	Swedish	58.8828	8933	5260	57.859	59.899
dir:dependent	Swedish_Sign_Language	52.561	820	431	49.139	55.959
dir:dependent	Tagalog	79.1435	1261	998	76.814	81.296
dir:dependent	Tamil	4.159	9209	383	3.77	4.586
dir:dependent	Tatar	3.2974	1486	49	2.503	4.333
dir:dependent	Teko	33.9225	1471	499	31.548	36.381
dir:dependent	Telugu	2.2525	3374	76	1.803	2.81
dir:dependent	Telugu_English	10.5882	255	27	7.379	14.967
dir:dependent	Tswana	60.5634	142	86	52.349	68.222
dir:dependent	Tupinamba	42.3679	2365	1002	40.39	44.37
dir:dependent	Turkish	2.524	23257	587	2.33	2.734
dir:dependent	Turkish_English	22.7273	264	60	18.084	28.152
dir:dependent	Umbrian	33.1442	881	292	30.115	36.32
dir:dependent	Upper_Sorbian	48.1517	7277	3504	47.005	49.3
dir:dependent	Uzbek	2.4305	8599	209	2.126	2.778
dir:dependent	Veps	42.7759	879	376	39.544	46.071
dir:dependent	Vietnamese	58.5829	1369	802	55.953	61.165
dir:dependent	Warlpiri	43.1373	204	88	36.53	49.999
dir:dependent	Wolof	64.2492	33051	21235	63.731	64.764
dir:dependent	Xavante	36.4469	1092	398	33.644	39.344
dir:dependent	Xibe	1.9352	10903	211	1.693	2.211
dir:dependent	Yakut	7.7838	925	72	6.227	9.69
dir:dependent	Yoruba	62.7665	5863	3680	61.521	63.995
dir:dependent	Yupik	38.6957	690	267	35.134	42.383
dir:dependent	Zazaki	25.0918	817	205	22.24	28.177
dir:det	Abkhaz	30.6667	75	23	21.387	41.83
dir:det	Akkadian	94.5055	182	172	90.183	96.988
dir:det	Albanian	7.7068	532	41	5.732	10.288
dir:det	Alemannic	0.0	123	0	0.0	3.029
dir:det	Amharic	84.728	478	405	81.227	87.675
dir:det	Apurina	2.7778	36	1	0.492	14.17
dir:det	Bambara	83.8264	507	425	80.369	86.775
dir:det	Bavarian	0.1622	1849	3	0.055	0.476
dir:det	Beja	26.8937	1703	458	24.842	29.05
dir:det	Bhojpuri	1.7241	174	3	0.588	4.946
dir:det	Brahui	13.8889	36	5	6.082	28.66
dir:det	Breton	0.4988	1203	6	0.229	1.084
dir:det	Buryat	6.5502	229	15	4.009	10.525
dir:det	Cantonese	0.2976	336	1	0.053	1.666
dir:det	Cappadocian	1.0043	697	7	0.487	2.058
dir:det	Chinese	0.2611	383	1	0.046	1.464
dir:det	Chintang	3.211	436	14	1.922	5.317
dir:det	Chukchi	18.4211	38	7	9.222	33.419
dir:det	Czech	29.8578	211	63	24.088	36.348
dir:det	English	0.1246	4014	5	0.053	0.291
dir:det	Esperanto	0.0	259	0	-0.0	1.462
dir:det	Faroese	0.0	186	0	0.0	2.024
dir:det	Finnish	0.8163	245	2	0.224	2.927
dir:det	French	0.1312	762	1	0.023	0.74
dir:det	Frisian_Dutch	0.3021	331	1	0.053	1.691
dir:det	Gheg	0.3906	1280	5	0.167	0.911
dir:det	Greek	0.5405	3145	17	0.338	0.864
dir:det	Guajajara	1.9608	102	2	0.539	6.869
dir:det	Haitian_Creole	59.0	300	177	53.355	64.418
dir:det	Hausa	45.0088	1142	514	42.145	47.906
dir:det	Hebrew	6.1444	651	40	4.544	8.259
dir:det	Highland_Puebla_Nahuatl	0.0	437	0	-0.0	0.871
dir:det	Ika	15.6863	51	8	8.169	28.01
dir:det	Irish	19.0625	320	61	15.136	23.723
dir:det	Italian	0.0	1018	0	0.0	0.376
dir:det	Javanese	85.1906	682	581	82.328	87.659
dir:det	Kadiweu	0.0	34	0	0.0	10.151
dir:det	Kangri	1.8182	55	1	0.322	9.606
dir:det	Karelian	10.8108	37	4	4.285	24.709
dir:det	Kazakh	0.0	218	0	0.0	1.732
dir:det	Kiche	0.7087	1411	10	0.385	1.3
dir:det	Komi_Zyrian	4.4586	157	7	2.176	8.916
dir:det	Korean	0.0	699	0	0.0	0.547
dir:det	Ligurian	0.2356	849	2	0.065	0.855
dir:det	Lithuanian	0.0	143	0	0.0	2.616
dir:det	Luxembourgish	0.0	30	0	0.0	11.351
dir:det	Malayalam	7.3171	41	3	2.52	19.427
dir:det	Marathi	0.0	114	0	0.0	3.26
dir:det	Middle_Armenian	5.5556	36	2	1.537	18.145
dir:det	Middle_French	0.0	836	0	0.0	0.457
dir:det	Moksha	3.0303	66	2	0.835	10.393
dir:det	Naga	5.1852	135	7	2.534	10.316
dir:det	Nepali	0.0	38	0	0.0	9.181
dir:det	Northern_Kurdish	0.0	213	0	0.0	1.772
dir:det	Northwest_Gbaya	31.8182	44	14	19.999	46.557
dir:det	Odia	0.578	173	1	0.102	3.201
dir:det	Old_French	0.0	2014	0	0.0	0.19
dir:det	Old_Georgian	44.2197	346	153	39.078	49.488
dir:det	Old_Irish	0.0	40	0	0.0	8.762
dir:det	Ottoman_Turkish	0.0	523	0	0.0	0.729
dir:det	Pashto	1.4493	276	4	0.565	3.666
dir:det	Paumari	22.9167	48	11	13.308	36.539
dir:det	Pesh	35.0877	114	40	26.943	44.204
dir:det	Phrygian	5.6452	124	7	2.761	11.195
dir:det	Polish	3.9877	326	13	2.345	6.702
dir:det	Punjabi	2.2989	174	4	0.898	5.761
dir:det	Romanian	20.9402	234	49	16.217	26.602
dir:det	Ruuli	81.7204	93	76	72.662	88.262
dir:det	Sanskrit	6.4516	62	4	2.537	15.448
dir:det	Shanghainese	1.0	100	1	0.177	5.449
dir:det	Sicilian	0.3861	1295	5	0.165	0.901
dir:det	Sinhala	0.0	42	0	-0.0	8.38
dir:det	Skolt_Sami	3.5088	57	2	0.968	11.921
dir:det	Southern_Kurdish	3.0303	33	1	0.537	15.319
dir:det	Spanish	2.4291	741	18	1.542	3.807
dir:det	Swedish	1.1848	422	5	0.507	2.743
dir:det	Swedish_Sign_Language	35.2941	68	24	25.002	47.159
dir:det	Tagalog	2.7778	36	1	0.492	14.17
dir:det	Tamil	1.7857	168	3	0.609	5.118
dir:det	Teko	9.375	64	6	4.368	18.983
dir:det	Telugu	3.871	155	6	1.786	8.187
dir:det	Turkish	0.0	1663	0	0.0	0.23
dir:det	Upper_Sorbian	0.8475	236	2	0.233	3.037
dir:det	Uzbek	1.4337	279	4	0.559	3.628
dir:det	Vietnamese	38.6364	88	34	29.142	49.081
dir:det	Wolof	57.6801	3138	1810	55.943	59.398
dir:det	Xavante	96.8254	63	61	89.144	99.125
dir:det	Xibe	3.6649	191	7	1.786	7.37
dir:det	Yakut	5.1282	78	4	2.012	12.457
dir:det	Yoruba	29.927	274	82	24.813	35.596
dir:discourse	Akuntsu	69.2308	65	45	57.202	79.113
dir:discourse	Amharic	85.782	211	181	80.429	89.856
dir:discourse	Bambara	32.2622	778	251	29.071	35.627
dir:discourse	Beja	59.6234	478	285	55.165	63.928
dir:discourse	Buryat	68.059	407	277	63.378	72.402
dir:discourse	Cantonese	82.2938	1491	1227	80.274	84.148
dir:discourse	Cappadocian	11.1111	36	4	4.407	25.315
dir:discourse	Central_Kurdish	12.1951	41	5	5.323	25.544
dir:discourse	Chinese	93.662	426	399	90.936	95.608
dir:discourse	Chintang	74.8823	637	477	71.372	78.094
dir:discourse	Chukchi	24.6667	300	74	20.129	29.845
dir:discourse	Classical_Chinese	92.1053	38	35	79.201	97.279
dir:discourse	English	10.1781	393	40	7.564	13.563
dir:discourse	Frisian_Dutch	46.2312	199	92	39.441	53.164
dir:discourse	Gheg	25.6198	605	155	22.303	29.245
dir:discourse	Greek	19.2771	166	32	13.999	25.945
dir:discourse	Guajajara	93.2869	2011	1876	92.109	94.3
dir:discourse	Gujarati	68.1818	44	30	53.443	80.001
dir:discourse	Hausa	53.1114	2073	1101	50.959	55.252
dir:discourse	Highland_Puebla_Nahuatl	41.989	181	76	35.039	49.272
dir:discourse	Hittite	31.1828	93	29	22.673	41.186
dir:discourse	Ika	16.2791	301	49	12.538	20.87
dir:discourse	Javanese	3.0303	33	1	0.537	15.319
dir:discourse	Kaapor	93.75	32	30	79.853	98.269
dir:discourse	Karo	88.5246	61	54	78.156	94.329
dir:discourse	Kazakh	59.2593	54	32	45.967	71.322
dir:discourse	Kiche	38.6667	150	58	31.249	46.65
dir:discourse	Komi_Zyrian	27.907	43	12	16.747	42.691
dir:discourse	Kyrgyz	76.6667	30	23	59.072	88.208
dir:discourse	Marathi	70.1754	57	40	57.336	80.467
dir:discourse	Munduruku	58.0645	31	18	40.766	73.584
dir:discourse	Naga	39.1304	46	18	26.393	53.543
dir:discourse	Nenets	87.619	105	92	79.963	92.62
dir:discourse	Nepali	67.9012	81	55	57.124	77.058
dir:discourse	Northwest_Gbaya	59.4203	69	41	47.636	70.211
dir:discourse	Odia	74.0	50	37	60.447	84.128
dir:discourse	Ottoman_Turkish	48.8095	84	41	38.408	59.315
dir:discourse	Pesh	46.9828	232	109	40.662	53.402
dir:discourse	Punjabi	29.4118	68	20	19.919	41.106
dir:discourse	Romanian	92.5926	108	100	86.06	96.199
dir:discourse	Ruuli	12.1212	66	8	6.272	22.137
dir:discourse	Shanghainese	87.0307	879	765	84.648	89.092
dir:discourse	Skolt_Sami	14.4928	69	10	8.067	24.664
dir:discourse	Southern_Kurdish	22.8571	35	8	12.066	39.017
dir:discourse	Spanish	34.9206	189	66	28.486	41.956
dir:discourse	Swedish_Sign_Language	60.8696	46	28	46.457	73.607
dir:discourse	Teko	20.9302	43	9	11.423	35.206
dir:discourse	Tupinamba	51.7766	197	102	44.832	58.653
dir:discourse	Turkish	23.913	46	11	13.912	37.935
dir:discourse	Uzbek	19.4805	77	15	12.176	29.685
dir:discourse	Wolof	12.766	47	6	5.985	25.174
dir:discourse	Xavante	63.8298	47	30	49.536	76.034
dir:discourse	Xibe	92.7536	69	64	84.133	96.865
dir:discourse	Yakut	81.0811	37	30	65.795	90.52
dir:discourse	Zazaki	28.3784	74	21	19.374	39.517
dir:mod	Abaza	21.5385	130	28	15.343	29.368
dir:mod	Abkhaz	11.0026	2663	293	9.87	12.248
dir:mod	Akkadian	82.7368	475	393	79.079	85.869
dir:mod	Akuntsu	37.9679	187	71	31.32	45.1
dir:mod	Albanian	69.3122	756	524	65.934	72.495
dir:mod	Alemannic	34.3396	265	91	28.883	40.244
dir:mod	Amharic	25.0	964	241	22.369	27.829
dir:mod	Apurina	22.7848	158	36	16.936	29.925
dir:mod	Assamese	5.5814	215	12	3.221	9.501
dir:mod	Assyrian	41.6667	48	20	28.85	55.719
dir:mod	Azerbaijani	9.0909	121	11	5.152	15.547
dir:mod	Bambara	25.4079	858	218	22.609	28.426
dir:mod	Bavarian	39.2123	2336	916	37.252	41.208
dir:mod	Beja	13.5572	1608	218	11.971	15.318
dir:mod	Bengali	14.2857	56	8	7.421	25.736
dir:mod	Bhojpuri	3.726	832	31	2.637	5.24
dir:mod	Bokota	78.0822	365	285	73.558	82.022
dir:mod	Brahui	11.4428	201	23	7.747	16.585
dir:mod	Breton	78.141	1560	1219	76.022	80.121
dir:mod	Buryat	5.0029	3418	171	4.321	5.786
dir:mod	Cantonese	10.7816	2495	269	9.624	12.059
dir:mod	Cappadocian	44.7917	672	301	41.072	48.57
dir:mod	Cebuano	58.8785	214	126	52.186	65.258
dir:mod	Central_Kurdish	61.157	121	74	52.257	69.37
dir:mod	Chinese	5.3034	5751	305	4.753	5.913
dir:mod	Chintang	34.9273	3576	1249	33.382	36.505
dir:mod	Chukchi	50.4593	1633	824	48.036	52.88
dir:mod	Classical_Chinese	4.5455	176	8	2.321	8.712
dir:mod	Czech	41.8306	1322	553	39.199	44.51
dir:mod	English	35.4213	8461	2997	34.409	36.447
dir:mod	Esperanto	25.3147	715	181	22.265	28.628
dir:mod	Faroese	30.9325	1319	408	28.496	33.479
dir:mod	Finnish	30.5994	4304	1317	29.241	31.993
dir:mod	French	64.6006	726	469	61.053	67.994
dir:mod	Frisian_Dutch	34.8074	701	244	31.373	38.408
dir:mod	Gheg	42.9605	2074	891	40.845	45.102
dir:mod	Greek	49.673	3364	1671	47.985	51.362
dir:mod	Guajajara	61.6289	1191	734	58.834	64.349
dir:mod	Guarani	42.5532	47	20	29.514	56.718
dir:mod	Gujarati	7.0922	282	20	4.638	10.7
dir:mod	Gwichin	38.961	77	30	28.842	50.129
dir:mod	Haitian_Creole	72.6334	581	422	68.868	76.101
dir:mod	Hausa	60.349	7909	4773	59.266	61.422
dir:mod	Hebrew	65.3722	1236	808	62.676	67.973
dir:mod	Highland_Puebla_Nahuatl	39.9094	1987	793	37.778	42.08
dir:mod	Hittite	26.0	400	104	21.944	30.512
dir:mod	Ika	74.0909	1320	978	71.66	76.382
dir:mod	Irish	68.29	924	631	65.219	71.21
dir:mod	Italian	53.9823	791	427	50.498	57.428
dir:mod	Javanese	71.0374	3981	2828	69.609	72.426
dir:mod	Kaapor	42.4658	73	31	31.784	53.901
dir:mod	Kadiweu	71.0526	38	27	55.243	82.997
dir:mod	Kangri	6.8768	349	24	4.664	10.028
dir:mod	Karelian	19.7269	659	130	16.868	22.937
dir:mod	Karo	51.9802	404	210	47.113	56.81
dir:mod	Kazakh	2.925	2735	80	2.357	3.626
dir:mod	Kiche	60.6638	1416	859	58.094	63.176
dir:mod	Komi_Permyak	22.1106	199	44	16.903	28.374
dir:mod	Komi_Zyrian	19.8633	2487	494	18.342	21.477
dir:mod	Korean	2.5499	7059	180	2.207	2.944
dir:mod	Kyrgyz	13.9303	201	28	9.817	19.397
dir:mod	Ligurian	56.5491	794	449	53.078	59.957
dir:mod	Lithuanian	17.0954	1205	206	15.075	19.325
dir:mod	Livvi	21.7523	331	72	17.646	26.507
dir:mod	Macedonian	29.8701	154	46	23.203	37.517
dir:mod	Makurap	26.3158	38	10	14.972	42.009
dir:mod	Malayalam	6.7164	670	45	5.057	8.869
dir:mod	Marathi	2.5316	395	10	1.381	4.597
dir:mod	Mbya_Guarani	42.2078	154	65	34.69	50.105
dir:mod	Middle_Armenian	26.7974	153	41	20.411	34.32
dir:mod	Middle_French	46.4789	923	429	43.282	49.704
dir:mod	Moksha	14.8462	943	140	12.72	17.258
dir:mod	Munduruku	37.7953	127	48	29.838	46.47
dir:mod	Naga	34.633	436	151	30.319	39.216
dir:mod	Nenets	1.2552	478	6	0.577	2.711
dir:mod	Nepali	4.2328	189	8	2.16	8.129
dir:mod	Northern_Kurdish	65.7563	1904	1252	63.595	67.854
dir:mod	Northwest_Gbaya	78.9474	418	330	74.784	82.583
dir:mod	Odia	4.8713	1437	70	3.874	6.11
dir:mod	Old_French	43.7241	1928	843	41.525	45.949
dir:mod	Old_Georgian	34.4705	1964	677	32.401	36.601
dir:mod	Old_Irish	52.381	252	132	46.225	58.465
dir:mod	Ottoman_Turkish	13.8251	2698	373	12.574	15.179
dir:mod	Pashto	15.4856	1143	177	13.504	17.698
dir:mod	Paumari	59.322	59	35	46.593	70.911
dir:mod	Pesh	58.1006	716	416	54.453	61.662
dir:mod	Phrygian	31.3043	115	36	23.549	40.268
dir:mod	Polish	51.6256	4583	2366	50.178	53.07
dir:mod	Punjabi	16.6008	759	126	14.123	19.415
dir:mod	Romanian	49.2771	830	409	45.887	52.674
dir:mod	Ruuli	77.8947	1045	814	75.279	80.306
dir:mod	Sanskrit	14.8387	620	92	12.257	17.853
dir:mod	Shanghainese	9.5201	1271	121	8.026	11.258
dir:mod	Sicilian	50.5695	1317	666	47.872	53.264
dir:mod	Sinhala	5.7878	311	18	3.692	8.962
dir:mod	Skolt_Sami	30.6905	391	120	26.325	35.431
dir:mod	South_Levantine_Arabic	85.5263	152	130	79.058	90.243
dir:mod	Southern_Kurdish	59.1489	235	139	52.766	65.238
dir:mod	Spanish	53.6258	1117	599	50.694	56.533
dir:mod	Spanish_Sign_Language	50.4808	208	105	43.739	57.205
dir:mod	Swedish	38.2216	2148	821	36.189	40.296
dir:mod	Swedish_Sign_Language	46.4865	185	86	39.444	53.672
dir:mod	Tagalog	51.5306	196	101	44.572	58.43
dir:mod	Tamil	6.7712	4209	285	6.051	7.57
dir:mod	Tatar	4.1444	748	31	2.935	5.823
dir:mod	Teko	30.9824	397	123	26.634	35.695
dir:mod	Telugu	2.9021	827	24	1.958	4.282
dir:mod	Telugu_English	13.3333	60	8	6.914	24.165
dir:mod	Tupinamba	47.0395	912	429	43.819	50.284
dir:mod	Turkish	4.3174	8431	364	3.904	4.772
dir:mod	Turkish_English	9.0909	88	8	4.679	16.925
dir:mod	Umbrian	48.7879	330	161	43.44	54.164
dir:mod	Upper_Sorbian	31.7753	2653	843	30.031	33.572
dir:mod	Uzbek	2.3634	3385	80	1.903	2.932
dir:mod	Veps	18.7898	314	59	14.856	23.478
dir:mod	Vietnamese	43.5714	420	183	38.909	48.351
dir:mod	Wolof	80.0812	6652	5327	79.104	81.023
dir:mod	Xavante	34.5178	197	68	28.232	41.396
dir:mod	Xibe	1.8492	4921	91	1.509	2.265
dir:mod	Yakut	8.8028	284	25	6.034	12.672
dir:mod	Yoruba	73.2752	1261	924	70.765	75.644
dir:mod	Yupik	47.8723	282	135	42.11	53.692
dir:mod	Zazaki	46.7836	171	80	39.458	54.251
dir:subj	Abaza	11.6279	86	10	6.44	20.097
dir:subj	Abkhaz	20.788	1472	306	18.792	22.936
dir:subj	Akkadian	12.5	48	6	5.857	24.7
dir:subj	Akuntsu	18.2292	192	35	13.409	24.295
dir:subj	Albanian	24.2105	285	69	19.602	29.505
dir:subj	Alemannic	27.6786	112	31	20.238	36.6
dir:subj	Amharic	39.4631	1490	588	37.011	41.969
dir:subj	Apurina	32.1429	168	54	25.548	39.536
dir:subj	Assamese	3.75	80	3	1.283	10.455
dir:subj	Assyrian	4.7619	42	2	1.316	15.79
dir:subj	Azerbaijani	0.0	135	0	0.0	2.767
dir:subj	Bambara	0.2697	1854	5	0.115	0.63
dir:subj	Bavarian	33.1667	1200	398	30.56	35.88
dir:subj	Beja	0.2101	476	1	0.037	1.18
dir:subj	Bengali	5.7143	35	2	1.581	18.607
dir:subj	Bhojpuri	3.1802	283	9	1.682	5.932
dir:subj	Bokota	1.7341	346	6	0.797	3.731
dir:subj	Brahui	0.0	69	0	0.0	5.274
dir:subj	Breton	57.3913	575	330	53.313	61.371
dir:subj	Buryat	1.2064	746	9	0.636	2.277
dir:subj	Cantonese	1.9916	954	19	1.279	3.09
dir:subj	Cappadocian	45.1613	279	126	39.427	51.027
dir:subj	Cebuano	78.6585	164	129	71.77	84.236
dir:subj	Central_Kurdish	3.2258	62	2	0.889	11.02
dir:subj	Chinese	0.4676	1711	8	0.237	0.92
dir:subj	Chintang	6.7109	1207	81	5.432	8.264
dir:subj	Chukchi	23.9609	409	98	20.079	28.328
dir:subj	Classical_Chinese	0.0	81	0	0.0	4.528
dir:subj	Czech	31.941	407	130	27.598	36.622
dir:subj	English	7.7171	4341	335	6.96	8.549
dir:subj	Esperanto	6.8548	248	17	4.324	10.702
dir:subj	Faroese	23.1073	1268	293	20.87	25.506
dir:subj	Finnish	14.3528	1491	214	12.665	16.224
dir:subj	French	5.2764	398	21	3.477	7.931
dir:subj	Frisian_Dutch	33.046	348	115	28.313	38.15
dir:subj	Gheg	28.1977	1032	291	25.537	31.02
dir:subj	Gorontalo	2.5	40	1	0.443	12.881
dir:subj	Greek	48.3923	1244	602	45.624	51.17
dir:subj	Gujarati	1.7241	174	3	0.588	4.946
dir:subj	Gwichin	0.0	32	0	0.0	10.718
dir:subj	Haitian_Creole	0.0	386	0	0.0	0.985
dir:subj	Hausa	20.1389	1728	348	18.315	22.095
dir:subj	Hebrew	45.4545	605	275	41.528	49.438
dir:subj	Highland_Puebla_Nahuatl	25.8656	982	254	23.225	28.695
dir:subj	Hittite	2.0202	99	2	0.556	7.069
dir:subj	Ika	2.4561	285	7	1.195	4.982
dir:subj	Irish	89.939	328	295	86.207	92.746
dir:subj	Italian	12.8395	405	52	9.927	16.45
dir:subj	Javanese	8.8563	1434	127	7.494	10.439
dir:subj	Kaapor	5.5556	72	4	2.181	13.432
dir:subj	Kadiweu	7.4627	67	5	3.23	16.309
dir:subj	Kangri	1.3575	221	3	0.463	3.914
dir:subj	Karelian	17.1548	239	41	12.905	22.444
dir:subj	Karo	6.1224	294	18	3.907	9.469
dir:subj	Kazakh	0.8897	1124	10	0.484	1.63
dir:subj	Kiche	68.7764	948	652	65.756	71.645
dir:subj	Komi_Permyak	25.3521	142	36	18.911	33.091
dir:subj	Komi_Zyrian	26.1905	882	231	23.397	29.191
dir:subj	Korean	0.1185	2532	3	0.04	0.348
dir:subj	Kyrgyz	0.0	185	0	0.0	2.034
dir:subj	Ligurian	11.7925	424	50	9.06	15.211
dir:subj	Lithuanian	28.382	377	107	24.067	33.133
dir:subj	Livvi	26.0274	146	38	19.59	33.694
dir:subj	Macedonian	16.8675	83	14	10.322	26.344
dir:subj	Malayalam	3.0837	227	7	1.502	6.227
dir:subj	Marathi	2.449	490	12	1.406	4.231
dir:subj	Mbya_Guarani	17.7778	90	16	11.25	26.944
dir:subj	Middle_Armenian	22.9885	87	20	15.403	32.858
dir:subj	Middle_French	13.1021	519	68	10.468	16.278
dir:subj	Moksha	30.8046	435	134	26.65	35.295
dir:subj	Munduruku	34.7826	92	32	25.838	44.947
dir:subj	Naga	0.6849	438	3	0.233	1.994
dir:subj	Nenets	3.5714	56	2	0.985	12.119
dir:subj	Nepali	0.0	42	0	-0.0	8.38
dir:subj	Northern_Kurdish	1.0936	823	9	0.576	2.065
dir:subj	Northwest_Gbaya	0.0	404	0	0.0	0.942
dir:subj	Odia	2.4857	523	13	1.458	4.206
dir:subj	Old_French	7.1193	1517	108	5.931	8.525
dir:subj	Old_Georgian	31.7549	359	114	27.154	36.742
dir:subj	Old_Irish	43.0556	72	31	32.258	54.557
dir:subj	Ottoman_Turkish	0.5634	710	4	0.219	1.44
dir:subj	Pashto	6.0606	462	28	4.226	8.62
dir:subj	Paumari	37.1429	35	13	23.166	53.663
dir:subj	Pesh	19.5402	174	34	14.334	26.063
dir:subj	Phrygian	4.9327	223	11	2.776	8.615
dir:subj	Polish	18.9509	1182	224	16.819	21.284
dir:subj	Punjabi	0.9259	324	3	0.315	2.687
dir:subj	Romanian	31.3218	348	109	26.675	36.376
dir:subj	Ruuli	9.434	424	40	7.005	12.592
dir:subj	Sanskrit	24.6753	231	57	19.56	30.619
dir:subj	Shanghainese	1.2557	876	11	0.703	2.234
dir:subj	Sicilian	20.6009	699	144	17.767	23.756
dir:subj	Sinhala	2.4752	202	5	1.062	5.663
dir:subj	Skolt_Sami	11.7089	316	37	8.615	15.722
dir:subj	South_Levantine_Arabic	45.0	40	18	30.705	60.171
dir:subj	Southern_Kurdish	2.9412	136	4	1.15	7.318
dir:subj	Spanish	30.9333	375	116	26.468	35.785
dir:subj	Spanish_Sign_Language	10.2222	225	23	6.909	14.871
dir:subj	Swedish	25.1572	1431	360	22.978	27.47
dir:subj	Swedish_Sign_Language	18.8406	207	39	14.1	24.717
dir:subj	Tagalog	93.3333	210	196	89.122	95.988
dir:subj	Tamil	1.6365	1161	19	1.05	2.542
dir:subj	Tatar	5.5556	162	9	2.95	10.22
dir:subj	Teko	13.9013	223	31	9.969	19.056
dir:subj	Telugu	0.2571	1167	3	0.087	0.753
dir:subj	Telugu_English	4.7619	84	4	1.867	11.613
dir:subj	Tupinamba	39.7196	214	85	33.401	46.401
dir:subj	Turkish	1.1949	3264	39	0.875	1.629
dir:subj	Turkish_English	8.8235	34	3	3.047	22.96
dir:subj	Umbrian	7.5	40	3	2.584	19.864
dir:subj	Upper_Sorbian	28.0868	737	207	24.962	31.439
dir:subj	Uzbek	3.0619	1437	44	2.289	4.085
dir:subj	Veps	28.4672	137	39	21.579	36.53
dir:subj	Vietnamese	6.044	182	11	3.408	10.497
dir:subj	Warlpiri	14.2857	56	8	7.421	25.736
dir:subj	Wolof	8.6828	4722	410	7.913	9.52
dir:subj	Xavante	3.0769	195	6	1.418	6.549
dir:subj	Xibe	0.1043	959	1	0.018	0.588
dir:subj	Yakut	0.5155	194	1	0.091	2.862
dir:subj	Yoruba	5.0794	945	48	3.852	6.67
dir:subj	Yupik	2.8902	173	5	1.241	6.586
dir:subj	Zazaki	4.6296	108	5	1.993	10.382
dir:udep	Abaza	10.7692	65	7	5.315	20.601
dir:udep	Abkhaz	4.6278	497	23	3.103	6.848
dir:udep	Akkadian	45.4545	165	75	38.047	53.069
dir:udep	Akuntsu	43.1818	44	19	29.683	57.776
dir:udep	Albanian	82.5215	349	288	78.189	86.146
dir:udep	Alemannic	50.7246	138	70	42.477	58.933
dir:udep	Amharic	3.4749	518	18	2.209	5.426
dir:udep	Apurina	53.8462	65	35	41.853	65.41
dir:udep	Assamese	2.6316	76	2	0.725	9.097
dir:udep	Azerbaijani	1.1111	90	1	0.196	6.028
dir:udep	Bambara	81.1205	1303	1057	78.905	83.153
dir:udep	Bavarian	58.3942	1233	720	55.621	61.115
dir:udep	Beja	72.4696	494	358	68.369	76.224
dir:udep	Bhojpuri	2.8825	902	26	1.975	4.19
dir:udep	Bokota	2.7027	74	2	0.744	9.329
dir:udep	Brahui	2.8571	105	3	0.976	8.066
dir:udep	Breton	86.8852	854	742	84.455	88.985
dir:udep	Buryat	11.1111	162	18	7.145	16.879
dir:udep	Cantonese	12.4211	475	59	9.753	15.692
dir:udep	Cappadocian	70.4626	281	198	64.881	75.492
dir:udep	Cebuano	52.381	105	55	42.914	61.68
dir:udep	Central_Kurdish	36.6667	30	11	21.874	54.486
dir:udep	Chinese	7.8947	1026	81	6.397	9.706
dir:udep	Chintang	5.6042	571	32	3.997	7.804
dir:udep	Chukchi	25.8278	302	78	21.217	31.046
dir:udep	Classical_Chinese	25.0	36	9	13.75	41.07
dir:udep	Czech	52.0354	565	294	47.916	56.127
dir:udep	English	90.6459	4180	3789	89.725	91.492
dir:udep	Esperanto	87.4286	350	306	83.544	90.5
dir:udep	Faroese	85.4103	987	843	83.071	87.475
dir:udep	Finnish	65.4849	1495	979	63.038	67.852
dir:udep	French	80.6324	506	408	76.964	83.84
dir:udep	Frisian_Dutch	69.8962	289	202	64.375	74.895
dir:udep	Gheg	81.232	1039	844	78.744	83.489
dir:udep	Greek	75.8065	1364	1034	73.463	78.005
dir:udep	Guajajara	68.5055	1559	1068	66.157	70.763
dir:udep	Guarani	47.8261	46	22	34.125	61.863
dir:udep	Gujarati	2.5907	193	5	1.112	5.92
dir:udep	Gwichin	0.0	43	0	0.0	8.201
dir:udep	Haitian_Creole	99.7537	406	405	98.618	99.957
dir:udep	Hausa	96.6387	119	115	91.675	98.685
dir:udep	Hebrew	91.7548	946	868	89.829	93.343
dir:udep	Highland_Puebla_Nahuatl	79.0749	454	359	75.097	82.565
dir:udep	Hittite	3.9216	102	4	1.535	9.653
dir:udep	Irish	92.0304	527	485	89.402	94.05
dir:udep	Italian	78.8955	507	400	75.133	82.223
dir:udep	Javanese	82.0972	1173	963	79.8	84.185
dir:udep	Kangri	2.214	271	6	1.019	4.745
dir:udep	Karelian	57.0997	331	189	51.716	62.32
dir:udep	Karo	67.0732	82	55	56.338	76.28
dir:udep	Kazakh	0.4808	832	4	0.187	1.23
dir:udep	Kiche	88.6035	623	552	85.868	90.866
dir:udep	Komi_Permyak	47.4227	97	46	37.774	57.267
dir:udep	Komi_Zyrian	45.5487	966	440	42.432	48.701
dir:udep	Korean	4.3131	2504	108	3.585	5.181
dir:udep	Kyrgyz	0.0	106	0	0.0	3.497
dir:udep	Ligurian	85.2436	698	595	82.42	87.682
dir:udep	Lithuanian	53.2203	295	157	47.522	58.836
dir:udep	Livvi	57.2368	152	87	49.289	64.828
dir:udep	Macedonian	92.1053	76	70	83.827	96.332
dir:udep	Malayalam	2.9412	170	5	1.263	6.699
dir:udep	Marathi	2.3739	337	8	1.208	4.614
dir:udep	Mbya_Guarani	51.8519	81	42	41.136	62.4
dir:udep	Middle_Armenian	63.5135	74	47	52.132	73.561
dir:udep	Middle_French	78.1649	861	673	75.284	80.796
dir:udep	Moksha	48.5777	457	222	44.026	53.153
dir:udep	Munduruku	41.6185	173	72	34.533	49.068
dir:udep	Naga	11.1111	162	18	7.145	16.879
dir:udep	Nepali	2.5641	39	1	0.454	13.181
dir:udep	Northern_Kurdish	23.9899	1188	285	21.648	26.499
dir:udep	Northwest_Gbaya	100.0	54	54	93.359	100.0
dir:udep	Odia	2.2267	494	11	1.248	3.943
dir:udep	Old_French	82.9482	1601	1328	81.028	84.711
dir:udep	Old_Georgian	32.6271	708	231	29.275	36.166
dir:udep	Old_Irish	89.5349	86	77	81.293	94.396
dir:udep	Ottoman_Turkish	1.5152	990	15	0.92	2.485
dir:udep	Pashto	6.3131	792	50	4.821	8.227
dir:udep	Pesh	40.9938	161	66	33.693	48.715
dir:udep	Phrygian	41.8367	98	41	32.559	51.73
dir:udep	Polish	76.8944	1610	1238	74.773	78.888
dir:udep	Punjabi	5.638	337	19	3.639	8.637
dir:udep	Romanian	87.0229	393	342	83.339	89.99
dir:udep	Ruuli	85.6716	335	287	81.515	89.02
dir:udep	Sanskrit	12.0	125	15	7.409	18.857
dir:udep	Shanghainese	6.135	163	10	3.366	10.924
dir:udep	Sicilian	82.0372	913	749	79.415	84.391
dir:udep	Sinhala	0.7634	131	1	0.135	4.197
dir:udep	Skolt_Sami	52.8926	121	64	44.047	61.56
dir:udep	South_Levantine_Arabic	89.8305	59	53	79.536	95.255
dir:udep	Southern_Kurdish	54.8193	166	91	47.225	62.196
dir:udep	Spanish	72.6651	439	319	68.313	76.624
dir:udep	Spanish_Sign_Language	33.3333	42	14	21.012	48.447
dir:udep	Swedish	85.9291	931	800	83.548	88.015
dir:udep	Swedish_Sign_Language	76.2295	122	93	67.949	82.909
dir:udep	Tagalog	94.4099	161	152	89.719	97.031
dir:udep	Tamil	0.423	1182	5	0.181	0.986
dir:udep	Tatar	2.0747	241	5	0.889	4.764
dir:udep	Teko	52.443	307	161	46.861	57.965
dir:udep	Telugu	1.3857	433	6	0.637	2.99
dir:udep	Tupinamba	57.5	440	253	52.836	62.035
dir:udep	Turkish	1.2288	3662	45	0.92	1.64
dir:udep	Turkish_English	26.6667	30	8	14.183	44.448
dir:udep	Umbrian	27.2152	158	43	20.878	34.634
dir:udep	Upper_Sorbian	57.5355	1055	607	54.531	60.486
dir:udep	Uzbek	0.6316	1425	9	0.333	1.196
dir:udep	Veps	64.7059	136	88	56.371	72.233
dir:udep	Vietnamese	88.5135	148	131	82.375	92.704
dir:udep	Wolof	80.6368	2701	2178	79.104	82.083
dir:udep	Xavante	60.1449	138	83	51.808	67.932
dir:udep	Xibe	0.3239	1235	4	0.126	0.83
dir:udep	Yakut	1.9417	103	2	0.534	6.805
dir:udep	Yoruba	88.474	616	545	85.71	90.761
dir:udep	Yupik	81.1594	69	56	70.387	88.645
dir:udep	Zazaki	24.5763	118	29	17.691	33.064
dist:cc	Abkhaz	-3.6	85			
dist:cc	Akkadian	-2.3137	102			
dist:cc	Albanian	-2.2867	150			
dist:cc	Alemannic	-2.5429	35			
dist:cc	Amharic	0.7209	86			
dist:cc	Bambara	-1.5538	65			
dist:cc	Bavarian	-2.2367	376			
dist:cc	Beja	0.7493	339			
dist:cc	Bhojpuri	-3.4	30			
dist:cc	Breton	-1.4417	206			
dist:cc	Buryat	-0.2025	79			
dist:cc	Cantonese	-2.3671	79			
dist:cc	Cappadocian	-1.7793	213			
dist:cc	Chinese	-2.8713	272			
dist:cc	Chintang	-0.8504	361			
dist:cc	Chukchi	-2.0976	123			
dist:cc	Czech	-2.4575	212			
dist:cc	English	-2.2799	1654			
dist:cc	Esperanto	-1.6601	153			
dist:cc	Faroese	-1.569	297			
dist:cc	Finnish	-1.9282	599			
dist:cc	French	-2.8523	149			
dist:cc	Frisian_Dutch	-2.1963	107			
dist:cc	Gheg	-2.4479	1047			
dist:cc	Greek	-1.8626	1048			
dist:cc	Guajajara	-2.4444	99			
dist:cc	Gujarati	-3.0577	52			
dist:cc	Haitian_Creole	-1.9623	53			
dist:cc	Hausa	-1.3695	755			
dist:cc	Hebrew	-1.6688	625			
dist:cc	Highland_Puebla_Nahuatl	-2.0197	458			
dist:cc	Hittite	-4.069	87			
dist:cc	Ika	-4.5349	43			
dist:cc	Irish	-1.5829	199			
dist:cc	Italian	-2.1758	273			
dist:cc	Javanese	-1.5325	308			
dist:cc	Karelian	-1.0577	156			
dist:cc	Kazakh	-3.58	200			
dist:cc	Kiche	-1.6341	41			
dist:cc	Komi_Permyak	-2.3488	43			
dist:cc	Komi_Zyrian	-2.6532	447			
dist:cc	Korean	-5.5238	336			
dist:cc	Ligurian	-3.1523	243			
dist:cc	Lithuanian	-2.2905	296			
dist:cc	Livvi	-1.0845	71			
dist:cc	Macedonian	-1.7024	84			
dist:cc	Malayalam	0.4946	93			
dist:cc	Marathi	-3.6769	65			
dist:cc	Middle_Armenian	-3.4032	124			
dist:cc	Middle_French	-3.6109	442			
dist:cc	Moksha	-1.9814	161			
dist:cc	Nepali	-6.1395	43			
dist:cc	Northern_Kurdish	-2.717	364			
dist:cc	Northwest_Gbaya	-2.6681	235			
dist:cc	Odia	-1.5478	157			
dist:cc	Old_French	-3.0855	772			
dist:cc	Old_Georgian	-3.1008	595			
dist:cc	Ottoman_Turkish	-3.3858	254			
dist:cc	Pashto	-4.0108	277			
dist:cc	Phrygian	-0.8291	117			
dist:cc	Polish	-2.0719	570			
dist:cc	Punjabi	-1.5934	91			
dist:cc	Romanian	-1.7925	159			
dist:cc	Ruuli	-1.5168	149			
dist:cc	Sanskrit	-1.1176	34			
dist:cc	Sicilian	-2.756	418			
dist:cc	Skolt_Sami	-2.2171	175			
dist:cc	Spanish	-2.239	410			
dist:cc	Swedish	-1.8232	543			
dist:cc	Tamil	-0.1019	108			
dist:cc	Tatar	-2.7544	57			
dist:cc	Turkish	-3.6376	723			
dist:cc	Upper_Sorbian	-1.9487	448			
dist:cc	Uzbek	-3.7787	235			
dist:cc	Veps	-1.7705	61			
dist:cc	Vietnamese	-3.1915	47			
dist:cc	Wolof	-2.2143	1367			
dist:cc	Xibe	-2.8868	106			
dist:cc	Yakut	-1.2778	36			
dist:cc	Yoruba	-1.46	350			
dist:comp	Abaza	-1.3203	128			
dist:comp	Abkhaz	-1.451	2104			
dist:comp	Akkadian	-0.8232	379			
dist:comp	Akuntsu	-0.848	204			
dist:comp	Albanian	0.9664	1309			
dist:comp	Alemannic	1.6325	419			
dist:comp	Amharic	-0.1152	3838			
dist:comp	Apurina	0.7806	155			
dist:comp	Assamese	-0.75	140			
dist:comp	Assyrian	0.7021	141			
dist:comp	Azerbaijani	-0.8832	137			
dist:comp	Bambara	0.5362	4273			
dist:comp	Bavarian	1.7172	3755			
dist:comp	Beja	-1.5833	3014			
dist:comp	Bengali	-0.766	47			
dist:comp	Bhojpuri	-0.3783	1610			
dist:comp	Bokota	0.3826	873			
dist:comp	Brahui	-0.9752	202			
dist:comp	Breton	1.111	3008			
dist:comp	Buryat	-1.0828	1063			
dist:comp	Cantonese	1.8867	2737			
dist:comp	Cappadocian	1.0729	1097			
dist:comp	Cebuano	1.1495	428			
dist:comp	Central_Kurdish	-0.6172	128			
dist:comp	Chinese	1.5693	5503			
dist:comp	Chintang	-1.3307	2002			
dist:comp	Chukchi	-0.2834	367			
dist:comp	Classical_Chinese	0.8759	137			
dist:comp	Czech	0.8865	1445			
dist:comp	English	1.7879	12476			
dist:comp	Esperanto	1.9764	762			
dist:comp	Faroese	1.3425	2540			
dist:comp	Finnish	1.1405	2768			
dist:comp	French	1.5895	1503			
dist:comp	Frisian_Dutch	1.6428	865			
dist:comp	Gheg	0.657	5586			
dist:comp	Gorontalo	1.1974	76			
dist:comp	Greek	1.3349	5166			
dist:comp	Guajajara	-0.5439	1379			
dist:comp	Gujarati	-1.0867	473			
dist:comp	Gwichin	-1.1088	147			
dist:comp	Haitian_Creole	1.6	760			
dist:comp	Hausa	1.2336	19995			
dist:comp	Hebrew	1.5731	2361			
dist:comp	Highland_Puebla_Nahuatl	1.3081	964			
dist:comp	Hittite	-1.2593	270			
dist:comp	Ika	-1.4601	1565			
dist:comp	Irish	1.6664	1331			
dist:comp	Italian	1.2762	2118			
dist:comp	Javanese	1.2257	2140			
dist:comp	Kaapor	-0.9756	82			
dist:comp	Kadiweu	1.0588	34			
dist:comp	Kangri	-1.0069	723			
dist:comp	Karelian	1.1215	469			
dist:comp	Karo	-0.7572	519			
dist:comp	Kazakh	-1.4421	1260			
dist:comp	Kiche	1.245	1453			
dist:comp	Komi_Permyak	0.5312	160			
dist:comp	Komi_Zyrian	0.5657	1430			
dist:comp	Korean	-1.7675	4309			
dist:comp	Kyrgyz	-1.2698	215			
dist:comp	Latgalian	1.1818	33			
dist:comp	Latvian	1.1515	33			
dist:comp	Ligurian	1.1049	2087			
dist:comp	Lithuanian	1.3554	923			
dist:comp	Livvi	0.8694	222			
dist:comp	Luxembourgish	1.0588	51			
dist:comp	Macedonian	0.7285	453			
dist:comp	Malayalam	-1.7579	347			
dist:comp	Marathi	-0.9747	869			
dist:comp	Mbya_Guarani	-0.7138	290			
dist:comp	Middle_Armenian	1.018	278			
dist:comp	Middle_French	1.699	2106			
dist:comp	Moksha	0.7354	616			
dist:comp	Munduruku	-1.0429	210			
dist:comp	Naga	-1.2268	657			
dist:comp	Neapolitan	0.8214	56			
dist:comp	Nenets	-1.4943	174			
dist:comp	Nepali	-1.9333	105			
dist:comp	Northern_Kurdish	0.5259	2607			
dist:comp	Northwest_Gbaya	1.2674	819			
dist:comp	Odia	-1.3189	715			
dist:comp	Old_English	1.2683	41			
dist:comp	Old_French	2.0282	4752			
dist:comp	Old_Georgian	0.8886	1239			
dist:comp	Old_Irish	1.382	178			
dist:comp	Old_Turkish	-1.3191	47			
dist:comp	Ottoman_Turkish	-1.7659	1307			
dist:comp	Pashto	0.8659	1901			
dist:comp	Paumari	-0.09	100			
dist:comp	Pesh	-0.9871	1086			
dist:comp	Phrygian	-0.9091	407			
dist:comp	Polish	1.4781	5007			
dist:comp	Punjabi	-0.494	1091			
dist:comp	Romanian	1.0301	1627			
dist:comp	Ruuli	1.0605	1454			
dist:comp	Sanskrit	-0.8368	190			
dist:comp	Shanghainese	1.1207	2013			
dist:comp	Sicilian	1.003	3281			
dist:comp	Sinhala	-1.4104	251			
dist:comp	Skolt_Sami	0.6688	474			
dist:comp	South_Levantine_Arabic	1.1565	230			
dist:comp	Southern_Kurdish	-0.1762	227			
dist:comp	Spanish	1.0686	1967			
dist:comp	Spanish_Sign_Language	0.3133	150			
dist:comp	Swedish	1.5667	3432			
dist:comp	Swedish_Sign_Language	1.0645	186			
dist:comp	Tagalog	1.0698	630			
dist:comp	Tamil	-1.6898	2379			
dist:comp	Tatar	-1.9242	264			
dist:comp	Teko	-0.2139	402			
dist:comp	Telugu	-1.5082	736			
dist:comp	Telugu_English	-0.7778	72			
dist:comp	Tswana	0.7123	73			
dist:comp	Tupinamba	-0.6248	541			
dist:comp	Turkish	-1.418	5454			
dist:comp	Turkish_English	0.3438	64			
dist:comp	Umbrian	-0.7846	325			
dist:comp	Upper_Sorbian	1.436	2147			
dist:comp	Uzbek	-1.6774	1733			
dist:comp	Veps	1.3026	228			
dist:comp	Vietnamese	1.4121	461			
dist:comp	Warlpiri	0.3628	113			
dist:comp	Wolof	1.1451	13478			
dist:comp	Xavante	-0.4279	409			
dist:comp	Xibe	-1.4966	3417			
dist:comp	Yakut	-1.224	183			
dist:comp	Yoruba	1.2755	2399			
dist:comp	Yupik	0.6943	157			
dist:comp	Zazaki	-0.6792	318			
dist:comp:aux	Akuntsu	-1.0294	34			
dist:comp:aux	Albanian	1.0206	97			
dist:comp:aux	Alemannic	3.4906	106			
dist:comp:aux	Amharic	-1.4873	314			
dist:comp:aux	Bambara	1.8863	1381			
dist:comp:aux	Bavarian	3.2861	657			
dist:comp:aux	Beja	-1.4531	128			
dist:comp:aux	Bhojpuri	-0.9681	313			
dist:comp:aux	Bokota	1.5	258			
dist:comp:aux	Breton	0.1235	567			
dist:comp:aux	Buryat	-1.1014	138			
dist:comp:aux	Cantonese	1.0489	409			
dist:comp:aux	Cappadocian	1.226	146			
dist:comp:aux	Chinese	0.7606	614			
dist:comp:aux	Chintang	-1.1111	90			
dist:comp:aux	Chukchi	1.3617	47			
dist:comp:aux	Czech	0.6515	66			
dist:comp:aux	English	1.4653	1803			
dist:comp:aux	Esperanto	1.7963	54			
dist:comp:aux	Faroese	1.8835	103			
dist:comp:aux	Finnish	1.2716	405			
dist:comp:aux	French	1.3036	56			
dist:comp:aux	Frisian_Dutch	2.8947	76			
dist:comp:aux	Gheg	1.1255	996			
dist:comp:aux	Greek	1.146	678			
dist:comp:aux	Guajajara	-1.7158	183			
dist:comp:aux	Gujarati	-0.8788	132			
dist:comp:aux	Hausa	1.0186	7576			
dist:comp:aux	Highland_Puebla_Nahuatl	1.3053	95			
dist:comp:aux	Ika	-1.17	641			
dist:comp:aux	Italian	1.0219	457			
dist:comp:aux	Javanese	1.1684	297			
dist:comp:aux	Kangri	-1.023	174			
dist:comp:aux	Karelian	1.2034	59			
dist:comp:aux	Karo	-0.4015	132			
dist:comp:aux	Kazakh	-1.0115	174			
dist:comp:aux	Kiche	-0.1727	220			
dist:comp:aux	Komi_Permyak	1.0513	39			
dist:comp:aux	Komi_Zyrian	0.9682	283			
dist:comp:aux	Korean	-1.0433	577			
dist:comp:aux	Kyrgyz	-1.0641	78			
dist:comp:aux	Ligurian	1.0741	216			
dist:comp:aux	Lithuanian	1.3143	35			
dist:comp:aux	Livvi	1.1143	35			
dist:comp:aux	Macedonian	1.359	39			
dist:comp:aux	Marathi	-0.907	129			
dist:comp:aux	Middle_French	1.186	242			
dist:comp:aux	Moksha	1.0205	146			
dist:comp:aux	Naga	-1.2051	156			
dist:comp:aux	Northern_Kurdish	1.4315	146			
dist:comp:aux	Old_French	1.0899	756			
dist:comp:aux	Ottoman_Turkish	-1.1183	93			
dist:comp:aux	Pashto	0.6561	189			
dist:comp:aux	Polish	0.8536	239			
dist:comp:aux	Punjabi	-1.2455	167			
dist:comp:aux	Romanian	1.041	122			
dist:comp:aux	Ruuli	1.0	45			
dist:comp:aux	Shanghainese	0.6985	325			
dist:comp:aux	Sicilian	1.0536	224			
dist:comp:aux	Sinhala	-1.175	40			
dist:comp:aux	Skolt_Sami	1.1481	108			
dist:comp:aux	Spanish	1.0714	84			
dist:comp:aux	Swedish	1.4354	333			
dist:comp:aux	Tamil	-1.0245	694			
dist:comp:aux	Tatar	-1.0	43			
dist:comp:aux	Turkish	-1.0174	460			
dist:comp:aux	Upper_Sorbian	6.8367	49			
dist:comp:aux	Uzbek	-1.013	77			
dist:comp:aux	Veps	0.9167	48			
dist:comp:aux	Vietnamese	0.7	40			
dist:comp:aux	Warlpiri	1.7	50			
dist:comp:aux	Wolof	0.8733	3101			
dist:comp:aux	Xavante	1.7263	95			
dist:comp:aux	Xibe	-1.2329	73			
dist:comp:aux	Yoruba	1.2006	349			
dist:comp:obj	Abaza	-1.3786	103			
dist:comp:obj	Abkhaz	-1.5994	1323			
dist:comp:obj	Akkadian	-0.0436	344			
dist:comp:obj	Akuntsu	-0.8383	167			
dist:comp:obj	Albanian	1.2137	931			
dist:comp:obj	Alemannic	1.1008	258			
dist:comp:obj	Amharic	-0.2988	2122			
dist:comp:obj	Apurina	0.8819	127			
dist:comp:obj	Assamese	-0.7355	121			
dist:comp:obj	Assyrian	1.3293	82			
dist:comp:obj	Azerbaijani	-0.9327	104			
dist:comp:obj	Bambara	-0.3647	2632			
dist:comp:obj	Bavarian	1.7309	2456			
dist:comp:obj	Beja	-1.8162	1148			
dist:comp:obj	Bengali	-0.7143	35			
dist:comp:obj	Bhojpuri	-0.1653	1216			
dist:comp:obj	Bokota	-1.2	255			
dist:comp:obj	Brahui	-0.9565	161			
dist:comp:obj	Breton	1.4213	2127			
dist:comp:obj	Buryat	-1.0579	795			
dist:comp:obj	Cantonese	1.8554	2074			
dist:comp:obj	Cappadocian	1.1823	790			
dist:comp:obj	Cebuano	1.1277	423			
dist:comp:obj	Central_Kurdish	-0.4944	89			
dist:comp:obj	Chinese	1.5885	4231			
dist:comp:obj	Chintang	-1.3175	1726			
dist:comp:obj	Chukchi	-0.4648	256			
dist:comp:obj	Classical_Chinese	0.8769	130			
dist:comp:obj	Czech	1.3266	1038			
dist:comp:obj	English	1.9053	8533			
dist:comp:obj	Esperanto	1.997	665			
dist:comp:obj	Faroese	1.276	1518			
dist:comp:obj	Finnish	1.0566	1801			
dist:comp:obj	French	1.9173	1113			
dist:comp:obj	Frisian_Dutch	1.4885	651			
dist:comp:obj	Gheg	1.0265	3089			
dist:comp:obj	Gorontalo	1.0704	71			
dist:comp:obj	Greek	1.5204	3693			
dist:comp:obj	Guajajara	-0.0815	896			
dist:comp:obj	Gujarati	-0.9891	274			
dist:comp:obj	Gwichin	-1.1027	146			
dist:comp:obj	Haitian_Creole	1.5899	712			
dist:comp:obj	Hausa	1.3989	9081			
dist:comp:obj	Hebrew	1.5461	2234			
dist:comp:obj	Highland_Puebla_Nahuatl	1.371	814			
dist:comp:obj	Hittite	-0.9583	216			
dist:comp:obj	Ika	-1.7914	350			
dist:comp:obj	Irish	1.3905	1037			
dist:comp:obj	Italian	1.6253	1257			
dist:comp:obj	Javanese	1.2507	1687			
dist:comp:obj	Kaapor	-1.058	69			
dist:comp:obj	Kadiweu	1.0625	32			
dist:comp:obj	Kangri	-0.9437	444			
dist:comp:obj	Karelian	1.118	339			
dist:comp:obj	Karo	-0.9373	351			
dist:comp:obj	Kazakh	-1.6089	877			
dist:comp:obj	Kiche	1.5049	1218			
dist:comp:obj	Komi_Permyak	0.2703	111			
dist:comp:obj	Komi_Zyrian	0.4685	1016			
dist:comp:obj	Korean	-1.8004	2731			
dist:comp:obj	Kyrgyz	-1.453	117			
dist:comp:obj	Ligurian	1.7005	1329			
dist:comp:obj	Lithuanian	1.4003	722			
dist:comp:obj	Livvi	0.7114	149			
dist:comp:obj	Macedonian	1.0735	272			
dist:comp:obj	Malayalam	-1.8824	221			
dist:comp:obj	Marathi	-0.9548	619			
dist:comp:obj	Mbya_Guarani	-0.7257	288			
dist:comp:obj	Middle_Armenian	1.2096	229			
dist:comp:obj	Middle_French	1.9544	1665			
dist:comp:obj	Moksha	0.6618	408			
dist:comp:obj	Munduruku	-0.9897	194			
dist:comp:obj	Naga	-1.2641	443			
dist:comp:obj	Neapolitan	1.0909	33			
dist:comp:obj	Nenets	-1.5361	166			
dist:comp:obj	Nepali	-1.4493	69			
dist:comp:obj	Northern_Kurdish	0.7623	2167			
dist:comp:obj	Northwest_Gbaya	1.1962	260			
dist:comp:obj	Odia	-1.2547	585			
dist:comp:obj	Old_French	2.4735	3569			
dist:comp:obj	Old_Georgian	1.1371	912			
dist:comp:obj	Old_Irish	1.4294	163			
dist:comp:obj	Ottoman_Turkish	-1.8232	1041			
dist:comp:obj	Pashto	1.2525	1497			
dist:comp:obj	Paumari	0.2857	56			
dist:comp:obj	Pesh	-1.0263	837			
dist:comp:obj	Phrygian	-0.0355	197			
dist:comp:obj	Polish	1.6043	3427			
dist:comp:obj	Punjabi	-0.2169	779			
dist:comp:obj	Romanian	1.2929	1120			
dist:comp:obj	Ruuli	1.0535	1234			
dist:comp:obj	Sanskrit	-0.6532	124			
dist:comp:obj	Shanghainese	1.1021	1508			
dist:comp:obj	Sicilian	1.5174	2101			
dist:comp:obj	Sinhala	-1.3548	186			
dist:comp:obj	Skolt_Sami	0.5455	297			
dist:comp:obj	South_Levantine_Arabic	1.1322	174			
dist:comp:obj	Southern_Kurdish	-0.1762	227			
dist:comp:obj	Spanish	1.3143	1457			
dist:comp:obj	Spanish_Sign_Language	0.344	125			
dist:comp:obj	Swedish	1.65	2506			
dist:comp:obj	Swedish_Sign_Language	0.9771	131			
dist:comp:obj	Tagalog	1.0485	619			
dist:comp:obj	Tamil	-1.762	1496			
dist:comp:obj	Tatar	-2.1584	202			
dist:comp:obj	Teko	-0.295	322			
dist:comp:obj	Telugu	-1.4249	666			
dist:comp:obj	Telugu_English	-0.6935	62			
dist:comp:obj	Tswana	1.4	40			
dist:comp:obj	Tupinamba	-0.8415	511			
dist:comp:obj	Turkish	-1.4613	3802			
dist:comp:obj	Turkish_English	0.451	51			
dist:comp:obj	Umbrian	-0.7239	268			
dist:comp:obj	Upper_Sorbian	1.6368	1652			
dist:comp:obj	Uzbek	-1.6916	1375			
dist:comp:obj	Veps	1.4815	135			
dist:comp:obj	Vietnamese	1.4368	348			
dist:comp:obj	Warlpiri	-0.8235	51			
dist:comp:obj	Wolof	1.2612	8587			
dist:comp:obj	Xavante	-1.0218	275			
dist:comp:obj	Xibe	-1.5838	3167			
dist:comp:obj	Yakut	-1.2313	147			
dist:comp:obj	Yoruba	1.4624	1767			
dist:comp:obj	Yupik	0.7584	149			
dist:comp:obj	Zazaki	-0.7045	264			
dist:comp:obl	Abkhaz	-1.215	572			
dist:comp:obl	Akkadian	-8.3235	34			
dist:comp:obl	Albanian	-0.2714	140			
dist:comp:obl	Amharic	-2.7083	96			
dist:comp:obl	Bambara	2.5412	255			
dist:comp:obl	Bavarian	-0.3333	153			
dist:comp:obl	Beja	-1.9641	501			
dist:comp:obl	Bhojpuri	0.2069	58			
dist:comp:obl	Bokota	2.4154	130			
dist:comp:obl	Breton	2.494	83			
dist:comp:obl	Buryat	-1.6441	59			
dist:comp:obl	Cantonese	4.0496	141			
dist:comp:obl	Cappadocian	0.9559	68			
dist:comp:obl	Central_Kurdish	-0.8857	35			
dist:comp:obl	Chinese	2.053	302			
dist:comp:obl	Chintang	-1.6733	150			
dist:comp:obl	Czech	-0.4258	155			
dist:comp:obl	English	1.5058	694			
dist:comp:obl	Finnish	2.64	50			
dist:comp:obl	French	0.9134	127			
dist:comp:obl	Frisian_Dutch	2.5152	33			
dist:comp:obl	Gheg	0.1713	467			
dist:comp:obl	Greek	0.2328	232			
dist:comp:obl	Guajajara	-1.21	300			
dist:comp:obl	Hausa	1.474	1789			
dist:comp:obl	Ika	-2.7619	126			
dist:comp:obl	Italian	0.2353	136			
dist:comp:obl	Javanese	0.5682	44			
dist:comp:obl	Korean	-3.553	349			
dist:comp:obl	Ligurian	-0.1016	187			
dist:comp:obl	Lithuanian	0.9759	83			
dist:comp:obl	Macedonian	0.22	50			
dist:comp:obl	Marathi	-1.1818	44			
dist:comp:obl	Middle_French	0.378	82			
dist:comp:obl	Naga	-1.0816	49			
dist:comp:obl	Northwest_Gbaya	1.5459	185			
dist:comp:obl	Odia	-3.2766	47			
dist:comp:obl	Old_French	0.0899	178			
dist:comp:obl	Old_Georgian	1.0	132			
dist:comp:obl	Ottoman_Turkish	-2.141	78			
dist:comp:obl	Pesh	-0.3175	63			
dist:comp:obl	Phrygian	-1.825	120			
dist:comp:obl	Polish	1.5155	805			
dist:comp:obl	Punjabi	-1.7	80			
dist:comp:obl	Romanian	0.3246	114			
dist:comp:obl	Ruuli	1.1714	35			
dist:comp:obl	Sanskrit	-1.6857	35			
dist:comp:obl	Shanghainese	2.0882	68			
dist:comp:obl	Sicilian	-0.0585	427			
dist:comp:obl	Spanish	0.2711	166			
dist:comp:obl	Swedish	1.7477	111			
dist:comp:obl	Tamil	-3.4839	186			
dist:comp:obl	Telugu	-2.3	70			
dist:comp:obl	Turkish	-2.4625	240			
dist:comp:obl	Umbrian	-0.8788	33			
dist:comp:obl	Uzbek	-2.9528	106			
dist:comp:obl	Wolof	1.5193	1163			
dist:comp:obl	Yoruba	2.8608	79			
dist:comp:pred	Abkhaz	-1.1813	182			
dist:comp:pred	Albanian	1.268	97			
dist:comp:pred	Amharic	-1.676	179			
dist:comp:pred	Assyrian	-0.7812	32			
dist:comp:pred	Bavarian	1.6969	287			
dist:comp:pred	Beja	-1.5909	198			
dist:comp:pred	Breton	0.1485	229			
dist:comp:pred	Buryat	-0.8592	71			
dist:comp:pred	Cantonese	2.7965	113			
dist:comp:pred	Cappadocian	0.48	75			
dist:comp:pred	Chinese	2.7179	234			
dist:comp:pred	Chintang	-1.0833	36			
dist:comp:pred	Chukchi	-0.9	60			
dist:comp:pred	Czech	-0.325	80			
dist:comp:pred	English	1.8781	1329			
dist:comp:pred	Faroese	1.394	901			
dist:comp:pred	Finnish	1.1855	512			
dist:comp:pred	French	1.6121	116			
dist:comp:pred	Frisian_Dutch	2.2405	79			
dist:comp:pred	Gheg	1.5602	241			
dist:comp:pred	Greek	1.0223	494			
dist:comp:pred	Gujarati	-1.6275	51			
dist:comp:pred	Hausa	0.6955	1074			
dist:comp:pred	Hebrew	1.6364	77			
dist:comp:pred	Highland_Puebla_Nahuatl	0.093	43			
dist:comp:pred	Ika	-1.4891	184			
dist:comp:pred	Irish	2.4982	281			
dist:comp:pred	Italian	1.6471	170			
dist:comp:pred	Javanese	1.2589	112			
dist:comp:pred	Kangri	-1.2706	85			
dist:comp:pred	Karelian	1.2321	56			
dist:comp:pred	Kazakh	-1.0603	199			
dist:comp:pred	Komi_Zyrian	0.2232	112			
dist:comp:pred	Korean	-1.3144	652			
dist:comp:pred	Ligurian	1.7863	117			
dist:comp:pred	Lithuanian	1.3614	83			
dist:comp:pred	Livvi	1.0294	34			
dist:comp:pred	Malayalam	-1.3267	101			
dist:comp:pred	Marathi	-1.1299	77			
dist:comp:pred	Middle_Armenian	0.2	35			
dist:comp:pred	Middle_French	1.8036	56			
dist:comp:pred	Moksha	0.9111	45			
dist:comp:pred	Northern_Kurdish	-1.9565	276			
dist:comp:pred	Odia	-0.6234	77			
dist:comp:pred	Old_French	1.8661	112			
dist:comp:pred	Old_Georgian	-0.3487	195			
dist:comp:pred	Ottoman_Turkish	-1.4632	95			
dist:comp:pred	Pashto	-1.6364	187			
dist:comp:pred	Pesh	-1.1739	115			
dist:comp:pred	Phrygian	-1.6067	89			
dist:comp:pred	Polish	0.9849	265			
dist:comp:pred	Punjabi	-0.4	65			
dist:comp:pred	Romanian	1.0629	159			
dist:comp:pred	Ruuli	1.1143	140			
dist:comp:pred	Shanghainese	2.0089	112			
dist:comp:pred	Sicilian	1.4422	199			
dist:comp:pred	Skolt_Sami	0.5172	58			
dist:comp:pred	Spanish	1.464	125			
dist:comp:pred	Swedish	1.4604	417			
dist:comp:pred	Teko	-0.0972	72			
dist:comp:pred	Turkish	-1.1754	952			
dist:comp:pred	Upper_Sorbian	2.5455	253			
dist:comp:pred	Uzbek	-1.0857	175			
dist:comp:pred	Veps	1.0698	43			
dist:comp:pred	Vietnamese	1.6531	49			
dist:comp:pred	Wolof	0.2135	623			
dist:comp:pred	Xibe	0.3013	156			
dist:comp:pred	Yoruba	1.0	55			
dist:det	Abkhaz	-0.36	75			
dist:det	Akkadian	1.1484	182			
dist:det	Albanian	-0.859	532			
dist:det	Alemannic	-1.2927	123			
dist:det	Amharic	0.6715	478			
dist:det	Apurina	-1.0278	36			
dist:det	Bambara	0.8008	507			
dist:det	Bavarian	-1.2823	1849			
dist:det	Beja	-0.5766	1703			
dist:det	Bhojpuri	-1.4713	174			
dist:det	Brahui	-1.2222	36			
dist:det	Breton	-1.0432	1203			
dist:det	Buryat	-1.1747	229			
dist:det	Cantonese	-2.0565	336			
dist:det	Cappadocian	-1.0875	697			
dist:det	Chinese	-1.6789	383			
dist:det	Chintang	-1.0894	436			
dist:det	Chukchi	-1.0	38			
dist:det	Czech	-0.6493	211			
dist:det	English	-1.6415	4014			
dist:det	Esperanto	-1.417	259			
dist:det	Faroese	-1.2957	186			
dist:det	Finnish	-1.3388	245			
dist:det	French	-1.0997	762			
dist:det	Frisian_Dutch	-1.3142	331			
dist:det	Gheg	-1.132	1280			
dist:det	Greek	-1.1847	3145			
dist:det	Guajajara	-1.0686	102			
dist:det	Haitian_Creole	0.4333	300			
dist:det	Hausa	-0.0797	1142			
dist:det	Hebrew	-0.9094	651			
dist:det	Highland_Puebla_Nahuatl	-1.0664	437			
dist:det	Ika	-0.8235	51			
dist:det	Irish	-0.6375	320			
dist:det	Italian	-1.1758	1018			
dist:det	Javanese	1.0352	682			
dist:det	Kadiweu	-1.0588	34			
dist:det	Kangri	-1.2545	55			
dist:det	Karelian	-0.973	37			
dist:det	Kazakh	-1.2248	218			
dist:det	Kiche	-1.1091	1411			
dist:det	Komi_Zyrian	-1.1529	157			
dist:det	Korean	-1.1702	699			
dist:det	Ligurian	-1.1625	849			
dist:det	Lithuanian	-1.3077	143			
dist:det	Luxembourgish	-1.2667	30			
dist:det	Malayalam	-1.0	41			
dist:det	Marathi	-1.3596	114			
dist:det	Middle_Armenian	-0.8889	36			
dist:det	Middle_French	-1.1471	836			
dist:det	Moksha	-1.1212	66			
dist:det	Naga	-0.9407	135			
dist:det	Nepali	-1.2632	38			
dist:det	Northern_Kurdish	-1.061	213			
dist:det	Northwest_Gbaya	0.1364	44			
dist:det	Odia	-1.474	173			
dist:det	Old_French	-1.0794	2014			
dist:det	Old_Georgian	-0.2139	346			
dist:det	Old_Irish	-1.05	40			
dist:det	Ottoman_Turkish	-1.2409	523			
dist:det	Pashto	-1.3949	276			
dist:det	Paumari	-0.5833	48			
dist:det	Pesh	-0.2632	114			
dist:det	Phrygian	-1.0968	124			
dist:det	Polish	-1.1196	326			
dist:det	Punjabi	-1.2874	174			
dist:det	Romanian	-0.6325	234			
dist:det	Ruuli	0.8065	93			
dist:det	Sanskrit	-1.3226	62			
dist:det	Shanghainese	-1.22	100			
dist:det	Sicilian	-1.105	1295			
dist:det	Sinhala	-1.1667	42			
dist:det	Skolt_Sami	-1.0702	57			
dist:det	Southern_Kurdish	-1.2727	33			
dist:det	Spanish	-1.0027	741			
dist:det	Swedish	-1.4692	422			
dist:det	Swedish_Sign_Language	-0.2941	68			
dist:det	Tagalog	-1.3056	36			
dist:det	Tamil	-1.0238	168			
dist:det	Teko	-0.8281	64			
dist:det	Telugu	-0.9806	155			
dist:det	Turkish	-1.1738	1663			
dist:det	Upper_Sorbian	-1.411	236			
dist:det	Uzbek	-1.1685	279			
dist:det	Vietnamese	-0.25	88			
dist:det	Wolof	0.2996	3138			
dist:det	Xavante	1.4762	63			
dist:det	Xibe	-1.3194	191			
dist:det	Yakut	-0.9487	78			
dist:det	Yoruba	-0.4234	274			
dist:discourse	Akuntsu	0.5231	65			
dist:discourse	Amharic	1.2559	211			
dist:discourse	Bambara	-1.2584	778			
dist:discourse	Beja	-0.7176	478			
dist:discourse	Buryat	0.2875	407			
dist:discourse	Cantonese	1.5352	1491			
dist:discourse	Cappadocian	-2.1111	36			
dist:discourse	Central_Kurdish	-3.2439	41			
dist:discourse	Chinese	1.6479	426			
dist:discourse	Chintang	-0.0078	637			
dist:discourse	Chukchi	-1.8167	300			
dist:discourse	Classical_Chinese	1.3947	38			
dist:discourse	English	-2.0	393			
dist:discourse	Frisian_Dutch	0.3116	199			
dist:discourse	Gheg	-0.838	605			
dist:discourse	Greek	-1.4217	166			
dist:discourse	Guajajara	2.6638	2011			
dist:discourse	Gujarati	0.2045	44			
dist:discourse	Hausa	-1.4033	2073			
dist:discourse	Highland_Puebla_Nahuatl	-0.9669	181			
dist:discourse	Hittite	-2.4946	93			
dist:discourse	Ika	-3.4518	301			
dist:discourse	Javanese	-3.2727	33			
dist:discourse	Kaapor	1.4688	32			
dist:discourse	Karo	1.0656	61			
dist:discourse	Kazakh	-1.0185	54			
dist:discourse	Kiche	-0.68	150			
dist:discourse	Komi_Zyrian	-2.3488	43			
dist:discourse	Kyrgyz	0.5667	30			
dist:discourse	Marathi	-0.2105	57			
dist:discourse	Munduruku	0.0968	31			
dist:discourse	Naga	-2.2391	46			
dist:discourse	Nenets	0.6095	105			
dist:discourse	Nepali	-0.5802	81			
dist:discourse	Northwest_Gbaya	0.2754	69			
dist:discourse	Odia	0.14	50			
dist:discourse	Ottoman_Turkish	-2.8452	84			
dist:discourse	Pesh	-1.3879	232			
dist:discourse	Punjabi	-3.8088	68			
dist:discourse	Romanian	8.8796	108			
dist:discourse	Ruuli	-1.6212	66			
dist:discourse	Shanghainese	1.3823	879			
dist:discourse	Skolt_Sami	-2.1884	69			
dist:discourse	Southern_Kurdish	-2.8286	35			
dist:discourse	Spanish	-1.0265	189			
dist:discourse	Swedish_Sign_Language	1.4783	46			
dist:discourse	Teko	-1.3256	43			
dist:discourse	Tupinamba	-0.3604	197			
dist:discourse	Turkish	-3.4783	46			
dist:discourse	Uzbek	-4.3247	77			
dist:discourse	Wolof	-3.4894	47			
dist:discourse	Xavante	0.0	47			
dist:discourse	Xibe	1.8986	69			
dist:discourse	Yakut	0.3514	37			
dist:discourse	Zazaki	-2.6892	74			
dist:mod	Abaza	-1.3538	130			
dist:mod	Abkhaz	-1.7548	2663			
dist:mod	Akkadian	0.5095	475			
dist:mod	Akuntsu	-0.3316	187			
dist:mod	Albanian	0.7778	756			
dist:mod	Alemannic	-0.2755	265			
dist:mod	Amharic	-2.0093	964			
dist:mod	Apurina	-0.8608	158			
dist:mod	Assamese	-2.0884	215			
dist:mod	Assyrian	-0.625	48			
dist:mod	Azerbaijani	-1.438	121			
dist:mod	Bambara	-1.7494	858			
dist:mod	Bavarian	0.0595	2336			
dist:mod	Beja	-3.0311	1608			
dist:mod	Bengali	-1.4286	56			
dist:mod	Bhojpuri	-3.5072	832			
dist:mod	Bokota	0.3068	365			
dist:mod	Brahui	-1.4527	201			
dist:mod	Breton	1.0782	1560			
dist:mod	Buryat	-1.9728	3418			
dist:mod	Cantonese	-2.1992	2495			
dist:mod	Cappadocian	-0.3631	672			
dist:mod	Cebuano	0.3645	214			
dist:mod	Central_Kurdish	-0.0413	121			
dist:mod	Chinese	-2.007	5751			
dist:mod	Chintang	-0.7419	3576			
dist:mod	Chukchi	-0.4991	1633			
dist:mod	Classical_Chinese	-1.7841	176			
dist:mod	Czech	-0.4281	1322			
dist:mod	English	-0.321	8461			
dist:mod	Esperanto	-0.9399	715			
dist:mod	Faroese	-0.3048	1319			
dist:mod	Finnish	-0.3371	4304			
dist:mod	French	0.7342	726			
dist:mod	Frisian_Dutch	-0.2382	701			
dist:mod	Gheg	-0.1851	2074			
dist:mod	Greek	0.0271	3364			
dist:mod	Guajajara	0.3249	1191			
dist:mod	Guarani	-0.3617	47			
dist:mod	Gujarati	-1.5957	282			
dist:mod	Gwichin	-1.0779	77			
dist:mod	Haitian_Creole	1.611	581			
dist:mod	Hausa	-0.7299	7909			
dist:mod	Hebrew	0.1537	1236			
dist:mod	Highland_Puebla_Nahuatl	-0.3956	1987			
dist:mod	Hittite	-1.7625	400			
dist:mod	Ika	0.2015	1320			
dist:mod	Irish	0.881	924			
dist:mod	Italian	0.1454	791			
dist:mod	Javanese	0.8124	3981			
dist:mod	Kaapor	-0.7808	73			
dist:mod	Kadiweu	0.6842	38			
dist:mod	Kangri	-1.8052	349			
dist:mod	Karelian	-0.6131	659			
dist:mod	Karo	0.0149	404			
dist:mod	Kazakh	-1.9828	2735			
dist:mod	Kiche	0.4103	1416			
dist:mod	Komi_Permyak	-0.8492	199			
dist:mod	Komi_Zyrian	-0.8605	2487			
dist:mod	Korean	-2.2924	7059			
dist:mod	Kyrgyz	-1.2438	201			
dist:mod	Ligurian	0.1675	794			
dist:mod	Lithuanian	-1.0481	1205			
dist:mod	Livvi	-0.6042	331			
dist:mod	Macedonian	-0.4091	154			
dist:mod	Makurap	-0.7368	38			
dist:mod	Malayalam	-1.7701	670			
dist:mod	Marathi	-2.0962	395			
dist:mod	Mbya_Guarani	0.2013	154			
dist:mod	Middle_Armenian	-1.1242	153			
dist:mod	Middle_French	-0.6002	923			
dist:mod	Moksha	-1.0392	943			
dist:mod	Munduruku	-0.2677	127			
dist:mod	Naga	-0.7225	436			
dist:mod	Nenets	-2.0962	478			
dist:mod	Nepali	-2.836	189			
dist:mod	Northern_Kurdish	-0.5032	1904			
dist:mod	Northwest_Gbaya	1.1364	418			
dist:mod	Odia	-1.8873	1437			
dist:mod	Old_French	-1.4274	1928			
dist:mod	Old_Georgian	-0.2449	1964			
dist:mod	Old_Irish	0.0119	252			
dist:mod	Ottoman_Turkish	-2.0467	2698			
dist:mod	Pashto	-2.2983	1143			
dist:mod	Paumari	0.3559	59			
dist:mod	Pesh	-0.1243	716			
dist:mod	Phrygian	-1.0957	115			
dist:mod	Polish	0.1964	4583			
dist:mod	Punjabi	-1.9947	759			
dist:mod	Romanian	-0.0386	830			
dist:mod	Ruuli	0.5675	1045			
dist:mod	Sanskrit	-1.5403	620			
dist:mod	Shanghainese	-1.3863	1271			
dist:mod	Sicilian	-0.0334	1317			
dist:mod	Sinhala	-1.8232	311			
dist:mod	Skolt_Sami	-0.7903	391			
dist:mod	South_Levantine_Arabic	1.1447	152			
dist:mod	Southern_Kurdish	0.2085	235			
dist:mod	Spanish	1.1853	1117			
dist:mod	Spanish_Sign_Language	-0.0192	208			
dist:mod	Swedish	0.1327	2148			
dist:mod	Swedish_Sign_Language	0.4	185			
dist:mod	Tagalog	0.2143	196			
dist:mod	Tamil	-1.9297	4209			
dist:mod	Tatar	-1.8971	748			
dist:mod	Teko	-0.8136	397			
dist:mod	Telugu	-1.3724	827			
dist:mod	Telugu_English	-1.0167	60			
dist:mod	Tupinamba	0.2884	912			
dist:mod	Turkish	-1.9422	8431			
dist:mod	Turkish_English	-1.5	88			
dist:mod	Umbrian	-0.6515	330			
dist:mod	Upper_Sorbian	-0.447	2653			
dist:mod	Uzbek	-1.995	3385			
dist:mod	Veps	-0.7803	314			
dist:mod	Vietnamese	-0.2929	420			
dist:mod	Wolof	0.9248	6652			
dist:mod	Xavante	-0.4873	197			
dist:mod	Xibe	-3.3735	4921			
dist:mod	Yakut	-1.2289	284			
dist:mod	Yoruba	0.8073	1261			
dist:mod	Yupik	0.6454	282			
dist:mod	Zazaki	-0.4912	171			
dist:subj	Abaza	-1.5581	86			
dist:subj	Abkhaz	-1.2588	1472			
dist:subj	Akkadian	-9.375	48			
dist:subj	Akuntsu	-1.1146	192			
dist:subj	Albanian	-1.386	285			
dist:subj	Alemannic	-1.0625	112			
dist:subj	Amharic	-1.4	1490			
dist:subj	Apurina	-0.5833	168			
dist:subj	Assamese	-3.1625	80			
dist:subj	Assyrian	-1.8333	42			
dist:subj	Azerbaijani	-2.5926	135			
dist:subj	Bambara	-1.2077	1854			
dist:subj	Bavarian	-1.115	1200			
dist:subj	Beja	-3.6134	476			
dist:subj	Bengali	-1.8571	35			
dist:subj	Bhojpuri	-5.9929	283			
dist:subj	Bokota	-2.1879	346			
dist:subj	Brahui	-4.3043	69			
dist:subj	Breton	0.1322	575			
dist:subj	Buryat	-3.9946	746			
dist:subj	Cantonese	-2.2222	954			
dist:subj	Cappadocian	0.0968	279			
dist:subj	Cebuano	0.9024	164			
dist:subj	Central_Kurdish	-2.629	62			
dist:subj	Chinese	-2.1911	1711			
dist:subj	Chintang	-1.9776	1207			
dist:subj	Chukchi	-1.3374	409			
dist:subj	Classical_Chinese	-2.0494	81			
dist:subj	Czech	-1.2482	407			
dist:subj	English	-1.3237	4341			
dist:subj	Esperanto	-2.0444	248			
dist:subj	Faroese	-0.6538	1268			
dist:subj	Finnish	-1.0127	1491			
dist:subj	French	-1.6834	398			
dist:subj	Frisian_Dutch	-1.0	348			
dist:subj	Gheg	-0.9438	1032			
dist:subj	Gorontalo	-1.525	40			
dist:subj	Greek	0.0281	1244			
dist:subj	Gujarati	-4.5115	174			
dist:subj	Gwichin	-2.5	32			
dist:subj	Haitian_Creole	-2.443	386			
dist:subj	Hausa	-1.6013	1728			
dist:subj	Hebrew	-0.6612	605			
dist:subj	Highland_Puebla_Nahuatl	-0.5733	982			
dist:subj	Hittite	-3.4444	99			
dist:subj	Ika	-3.3158	285			
dist:subj	Irish	1.4177	328			
dist:subj	Italian	-1.4765	405			
dist:subj	Javanese	-2.0879	1434			
dist:subj	Kaapor	-1.7917	72			
dist:subj	Kadiweu	-1.1642	67			
dist:subj	Kangri	-4.4706	221			
dist:subj	Karelian	-0.9205	239			
dist:subj	Karo	-1.5102	294			
dist:subj	Kazakh	-3.7687	1124			
dist:subj	Kiche	0.9198	948			
dist:subj	Komi_Permyak	-0.7887	142			
dist:subj	Komi_Zyrian	-1.0986	882			
dist:subj	Korean	-4.6718	2532			
dist:subj	Kyrgyz	-3.0919	185			
dist:subj	Ligurian	-2.3656	424			
dist:subj	Lithuanian	-1.1114	377			
dist:subj	Livvi	-0.5274	146			
dist:subj	Macedonian	-1.5904	83			
dist:subj	Malayalam	-3.2467	227			
dist:subj	Marathi	-2.6184	490			
dist:subj	Mbya_Guarani	-1.2556	90			
dist:subj	Middle_Armenian	-1.2184	87			
dist:subj	Middle_French	-1.4316	519			
dist:subj	Moksha	-0.554	435			
dist:subj	Munduruku	-0.8261	92			
dist:subj	Naga	-2.9954	438			
dist:subj	Nenets	-3.3929	56			
dist:subj	Nepali	-4.381	42			
dist:subj	Northern_Kurdish	-4.4265	823			
dist:subj	Northwest_Gbaya	-1.2005	404			
dist:subj	Odia	-4.3671	523			
dist:subj	Old_French	-1.5181	1517			
dist:subj	Old_Georgian	-2.4206	359			
dist:subj	Old_Irish	0.2083	72			
dist:subj	Ottoman_Turkish	-4.862	710			
dist:subj	Pashto	-4.7229	462			
dist:subj	Paumari	-0.4	35			
dist:subj	Pesh	-1.1264	174			
dist:subj	Phrygian	-4.6457	223			
dist:subj	Polish	-1.9907	1182			
dist:subj	Punjabi	-5.25	324			
dist:subj	Romanian	-1.1494	348			
dist:subj	Ruuli	-1.2783	424			
dist:subj	Sanskrit	-1.5238	231			
dist:subj	Shanghainese	-1.6781	876			
dist:subj	Sicilian	-1.4435	699			
dist:subj	Sinhala	-3.302	202			
dist:subj	Skolt_Sami	-1.1203	316			
dist:subj	South_Levantine_Arabic	0.025	40			
dist:subj	Southern_Kurdish	-3.0662	136			
dist:subj	Spanish	-0.5813	375			
dist:subj	Spanish_Sign_Language	-1.5156	225			
dist:subj	Swedish	-0.6436	1431			
dist:subj	Swedish_Sign_Language	-0.7005	207			
dist:subj	Tagalog	1.5524	210			
dist:subj	Tamil	-2.9587	1161			
dist:subj	Tatar	-4.4568	162			
dist:subj	Teko	-1.1794	223			
dist:subj	Telugu	-2.0411	1167			
dist:subj	Telugu_English	-1.9881	84			
dist:subj	Tupinamba	-0.5888	214			
dist:subj	Turkish	-4.4746	3264			
dist:subj	Turkish_English	-1.7647	34			
dist:subj	Umbrian	-2.9	40			
dist:subj	Upper_Sorbian	-1.7748	737			
dist:subj	Uzbek	-4.2756	1437			
dist:subj	Veps	-0.4818	137			
dist:subj	Vietnamese	-2.0165	182			
dist:subj	Warlpiri	-0.7679	56			
dist:subj	Wolof	-1.6423	4722			
dist:subj	Xavante	-2.7897	195			
dist:subj	Xibe	-5.9124	959			
dist:subj	Yakut	-2.2629	194			
dist:subj	Yoruba	-1.981	945			
dist:subj	Yupik	-2.3642	173			
dist:subj	Zazaki	-2.2778	108			
dist:udep	Abaza	-1.4154	65			
dist:udep	Abkhaz	-1.7726	497			
dist:udep	Akkadian	-2.1636	165			
dist:udep	Akuntsu	-0.0909	44			
dist:udep	Albanian	0.7822	349			
dist:udep	Alemannic	-1.3986	138			
dist:udep	Amharic	-2.8629	518			
dist:udep	Apurina	0.4308	65			
dist:udep	Assamese	-3.1184	76			
dist:udep	Azerbaijani	-1.8556	90			
dist:udep	Bambara	1.4398	1303			
dist:udep	Bavarian	-0.7129	1233			
dist:udep	Beja	0.581	494			
dist:udep	Bhojpuri	-3.969	902			
dist:udep	Bokota	-0.973	74			
dist:udep	Brahui	-3.4286	105			
dist:udep	Breton	1.9098	854			
dist:udep	Buryat	-2.3642	162			
dist:udep	Cantonese	-2.9053	475			
dist:udep	Cappadocian	0.8256	281			
dist:udep	Cebuano	0.8762	105			
dist:udep	Central_Kurdish	-1.4333	30			
dist:udep	Chinese	-2.5351	1026			
dist:udep	Chintang	-1.9229	571			
dist:udep	Chukchi	-0.9073	302			
dist:udep	Classical_Chinese	-0.6944	36			
dist:udep	Czech	-0.8407	565			
dist:udep	English	1.4132	4180			
dist:udep	Esperanto	0.5143	350			
dist:udep	Faroese	0.8825	987			
dist:udep	Finnish	1.1913	1495			
dist:udep	French	-0.0494	506			
dist:udep	Frisian_Dutch	0.3149	289			
dist:udep	Gheg	0.7661	1039			
dist:udep	Greek	0.6488	1364			
dist:udep	Guajajara	1.0571	1559			
dist:udep	Guarani	-0.2391	46			
dist:udep	Gujarati	-2.6114	193			
dist:udep	Gwichin	-1.8372	43			
dist:udep	Haitian_Creole	1.6355	406			
dist:udep	Hausa	0.7899	119			
dist:udep	Hebrew	1.6416	946			
dist:udep	Highland_Puebla_Nahuatl	0.6872	454			
dist:udep	Hittite	-2.3922	102			
dist:udep	Irish	2.1765	527			
dist:udep	Italian	0.4181	507			
dist:udep	Javanese	0.6812	1173			
dist:udep	Kangri	-2.8155	271			
dist:udep	Karelian	0.8278	331			
dist:udep	Karo	1.0122	82			
dist:udep	Kazakh	-3.6839	832			
dist:udep	Kiche	1.4478	623			
dist:udep	Komi_Permyak	-0.2062	97			
dist:udep	Komi_Zyrian	-0.0994	966			
dist:udep	Korean	-3.272	2504			
dist:udep	Kyrgyz	-1.8585	106			
dist:udep	Ligurian	0.4785	698			
dist:udep	Lithuanian	-0.4271	295			
dist:udep	Livvi	0.7237	152			
dist:udep	Macedonian	0.9605	76			
dist:udep	Malayalam	-3.5824	170			
dist:udep	Marathi	-1.5223	337			
dist:udep	Mbya_Guarani	1.0	81			
dist:udep	Middle_Armenian	0.0676	74			
dist:udep	Middle_French	0.453	861			
dist:udep	Moksha	0.14	457			
dist:udep	Munduruku	0.2601	173			
dist:udep	Naga	-1.0494	162			
dist:udep	Nepali	-3.9744	39			
dist:udep	Northern_Kurdish	-3.8039	1188			
dist:udep	Northwest_Gbaya	1.0	54			
dist:udep	Odia	-4.1356	494			
dist:udep	Old_French	1.0306	1601			
dist:udep	Old_Georgian	-1.5621	708			
dist:udep	Old_Irish	1.2209	86			
dist:udep	Ottoman_Turkish	-3.8374	990			
dist:udep	Pashto	-4.7273	792			
dist:udep	Pesh	-0.3665	161			
dist:udep	Phrygian	-1.0204	98			
dist:udep	Polish	0.305	1610			
dist:udep	Punjabi	-3.0237	337			
dist:udep	Romanian	1.1018	393			
dist:udep	Ruuli	0.7672	335			
dist:udep	Sanskrit	-2.2	125			
dist:udep	Shanghainese	-1.9325	163			
dist:udep	Sicilian	0.5958	913			
dist:udep	Sinhala	-2.8321	131			
dist:udep	Skolt_Sami	0.3471	121			
dist:udep	South_Levantine_Arabic	1.7288	59			
dist:udep	Southern_Kurdish	-0.6988	166			
dist:udep	Spanish	0.6264	439			
dist:udep	Spanish_Sign_Language	-0.6905	42			
dist:udep	Swedish	1.1053	931			
dist:udep	Swedish_Sign_Language	0.6967	122			
dist:udep	Tagalog	1.8634	161			
dist:udep	Tamil	-3.2733	1182			
dist:udep	Tatar	-4.888	241			
dist:udep	Teko	0.0912	307			
dist:udep	Telugu	-1.6236	433			
dist:udep	Tupinamba	0.6864	440			
dist:udep	Turkish	-2.8921	3662			
dist:udep	Turkish_English	-1.1667	30			
dist:udep	Umbrian	-1.5823	158			
dist:udep	Upper_Sorbian	-1.1972	1055			
dist:udep	Uzbek	-3.2793	1425			
dist:udep	Veps	1.0147	136			
dist:udep	Vietnamese	0.9865	148			
dist:udep	Wolof	0.8786	2701			
dist:udep	Xavante	0.6812	138			
dist:udep	Xibe	-4.6154	1235			
dist:udep	Yakut	-1.9126	103			
dist:udep	Yoruba	1.526	616			
dist:udep	Yupik	2.9855	69			
dist:udep	Zazaki	-1.1102	118			
freq:cc	Abaza	0.9302	430	4	0.362	2.367
freq:cc	Abkhaz	1.2216	6958	85	0.989	1.508
freq:cc	Akkadian	7.5	1360	102	6.217	9.023
freq:cc	Albanian	4.4313	3385	150	3.788	5.178
freq:cc	Alemannic	3.2051	1092	35	2.313	4.425
freq:cc	Amharic	1.1338	7585	86	0.919	1.398
freq:cc	Apurina	0.8475	590	5	0.363	1.968
freq:cc	Assamese	2.2887	568	13	1.342	3.876
freq:cc	Assyrian	8.3333	300	25	5.708	12.012
freq:cc	Azerbaijani	2.9126	515	15	1.773	4.75
freq:cc	Bambara	0.6668	9748	65	0.524	0.849
freq:cc	Bavarian	3.4854	10788	376	3.155	3.848
freq:cc	Beja	4.161	8147	339	3.749	4.617
freq:cc	Bhojpuri	0.7815	3839	30	0.548	1.113
freq:cc	Bokota	0.9351	1711	16	0.576	1.514
freq:cc	Brahui	2.5357	631	16	1.567	4.079
freq:cc	Breton	2.78	7410	206	2.429	3.18
freq:cc	Buryat	1.293	6110	79	1.039	1.608
freq:cc	Cantonese	0.9152	8632	79	0.735	1.139
freq:cc	Cappadocian	6.4079	3324	213	5.625	7.292
freq:cc	Cebuano	1.278	939	12	0.733	2.22
freq:cc	Central_Kurdish	1.2195	410	5	0.522	2.823
freq:cc	Chinese	1.7988	15121	272	1.599	2.023
freq:cc	Chintang	4.0727	8864	361	3.681	4.504
freq:cc	Chukchi	3.8342	3208	123	3.223	4.556
freq:cc	Classical_Chinese	3.854	493	19	2.481	5.941
freq:cc	Czech	5.0633	4187	212	4.439	5.77
freq:cc	English	4.6542	35538	1654	4.44	4.878
freq:cc	Esperanto	6.1446	2490	153	5.267	7.157
freq:cc	Faroese	4.5014	6598	297	4.027	5.029
freq:cc	Finnish	5.4934	10904	599	5.081	5.937
freq:cc	French	3.6654	4065	149	3.13	4.288
freq:cc	Frisian_Dutch	3.7597	2846	107	3.121	4.523
freq:cc	Gheg	8.2682	12663	1047	7.801	8.761
freq:cc	Gorontalo	1.2658	158	2	0.348	4.497
freq:cc	Greek	6.7145	15608	1048	6.332	7.118
freq:cc	Guajajara	1.5593	6349	99	1.283	1.895
freq:cc	Gujarati	4.1935	1240	52	3.212	5.458
freq:cc	Gwichin	5.2795	322	17	3.322	8.291
freq:cc	Haitian_Creole	1.988	2666	53	1.523	2.591
freq:cc	Hausa	2.2321	33825	755	2.08	2.395
freq:cc	Hebrew	9.7276	6425	625	9.027	10.476
freq:cc	Highland_Puebla_Nahuatl	8.3607	5478	458	7.657	9.123
freq:cc	Hittite	8.1081	1073	87	6.62	9.895
freq:cc	Ika	1.1964	3594	43	0.889	1.608
freq:cc	Irish	5.458	3646	199	4.766	6.243
freq:cc	Italian	5.3216	5130	273	4.74	5.97
freq:cc	Javanese	3.1432	9799	308	2.816	3.507
freq:cc	Kaapor	1.4706	272	4	0.573	3.72
freq:cc	Kangri	1.4581	1646	24	0.982	2.16
freq:cc	Karelian	8.2278	1896	156	7.074	9.551
freq:cc	Kazakh	3.109	6433	200	2.712	3.562
freq:cc	Kiche	0.6771	6055	41	0.5	0.917
freq:cc	Komi_Permyak	6.4857	663	43	4.85	8.622
freq:cc	Komi_Zyrian	6.955	6427	447	6.358	7.603
freq:cc	Korean	1.9238	17465	336	1.73	2.138
freq:cc	Kyrgyz	1.8229	768	14	1.089	3.036
freq:cc	Latgalian	10.0	100	10	5.523	17.437
freq:cc	Latvian	10.101	99	10	5.58	17.603
freq:cc	Ligurian	4.7424	5124	243	4.194	5.359
freq:cc	Lithuanian	9.1245	3244	296	8.181	10.164
freq:cc	Livvi	7.5612	939	71	6.038	9.431
freq:cc	Luxembourgish	8.0882	136	11	4.576	13.903
freq:cc	Macedonian	9.6	875	84	7.821	11.732
freq:cc	Makurap	2.9412	102	3	1.005	8.293
freq:cc	Malayalam	6.0039	1549	93	4.926	7.299
freq:cc	Marathi	2.7589	2356	65	2.171	3.501
freq:cc	Mbya_Guarani	3.9695	655	26	2.723	5.753
freq:cc	Middle_Armenian	16.4675	753	124	13.99	19.285
freq:cc	Middle_French	7.7694	5689	442	7.102	8.494
freq:cc	Moksha	5.9432	2709	161	5.114	6.897
freq:cc	Munduruku	0.157	637	1	0.028	0.884
freq:cc	Naga	1.0384	1926	20	0.673	1.599
freq:cc	Neapolitan	7.8571	140	11	4.444	13.521
freq:cc	Nepali	8.0074	537	43	5.999	10.612
freq:cc	Northern_Kurdish	5.1073	7127	364	4.62	5.643
freq:cc	Northwest_Gbaya	11.2926	2081	235	10.004	12.724
freq:cc	Odia	4.4213	3551	157	3.793	5.148
freq:cc	Old_English	9.1743	109	10	5.06	16.069
freq:cc	Old_French	6.1348	12584	772	5.729	6.568
freq:cc	Old_Georgian	11.4116	5214	595	10.577	12.303
freq:cc	Old_Irish	2.6034	653	17	1.632	4.129
freq:cc	Old_Turkish	1.2195	82	1	0.216	6.589
freq:cc	Ottoman_Turkish	3.8637	6574	254	3.424	4.357
freq:cc	Pashto	5.6774	4879	277	5.062	6.362
freq:cc	Pesh	0.6784	2506	17	0.424	1.084
freq:cc	Phrygian	10.7934	1084	117	9.083	12.781
freq:cc	Polish	4.2925	13279	570	3.961	4.651
freq:cc	Punjabi	3.1986	2845	91	2.612	3.911
freq:cc	Romanian	4.1864	3798	159	3.594	4.871
freq:cc	Ruuli	4.1389	3600	149	3.536	4.84
freq:cc	Sanskrit	2.6583	1279	34	1.908	3.692
freq:cc	Shanghainese	0.2404	5408	13	0.141	0.411
freq:cc	Sicilian	5.2388	7979	418	4.771	5.75
freq:cc	Sinhala	0.6342	946	6	0.291	1.377
freq:cc	Skolt_Sami	10.8561	1612	175	9.429	12.469
freq:cc	South_Levantine_Arabic	2.6565	527	14	1.589	4.409
freq:cc	Southern_Kurdish	0.3593	835	3	0.122	1.051
freq:cc	Spanish	7.8274	5238	410	7.131	8.586
freq:cc	Spanish_Sign_Language	0.2985	670	2	0.082	1.082
freq:cc	Swedish	6.0813	8929	543	5.604	6.596
freq:cc	Swedish_Sign_Language	0.6098	820	5	0.261	1.419
freq:cc	Tagalog	1.7446	1261	22	1.155	2.627
freq:cc	Tamil	1.1728	9209	108	0.972	1.414
freq:cc	Tatar	3.8358	1486	57	2.972	4.937
freq:cc	Teko	0.5513	1451	8	0.28	1.084
freq:cc	Telugu	0.3854	3373	13	0.225	0.658
freq:cc	Tswana	7.0423	142	10	3.87	12.478
freq:cc	Tupinamba	0.4671	2355	11	0.261	0.834
freq:cc	Turkish	3.1099	23248	723	2.894	3.341
freq:cc	Turkish_English	2.2727	264	6	1.046	4.869
freq:cc	Umbrian	2.1566	881	19	1.385	3.344
freq:cc	Upper_Sorbian	6.1564	7277	448	5.627	6.732
freq:cc	Uzbek	2.7332	8598	235	2.409	3.1
freq:cc	Veps	6.9397	879	61	5.44	8.814
freq:cc	Vietnamese	3.4332	1369	47	2.592	4.535
freq:cc	Wolof	4.2579	32105	1367	4.042	4.484
freq:cc	Xibe	0.9722	10903	106	0.805	1.174
freq:cc	Yakut	3.8961	924	36	2.827	5.347
freq:cc	Yoruba	5.9696	5863	350	5.392	6.605
freq:cc	Yupik	0.5797	690	4	0.226	1.481
freq:cc	Zazaki	0.7398	811	6	0.339	1.605
freq:comp	Abaza	29.7674	430	128	25.64	34.253
freq:comp	Abkhaz	30.2386	6958	2104	29.171	31.328
freq:comp	Akkadian	27.8676	1360	379	25.55	30.31
freq:comp	Akuntsu	29.1013	701	204	25.86	32.57
freq:comp	Albanian	38.6706	3385	1309	37.044	40.323
freq:comp	Alemannic	38.37	1092	419	35.531	41.29
freq:comp	Amharic	50.5999	7585	3838	49.475	51.724
freq:comp	Apurina	26.2712	590	155	22.882	29.968
freq:comp	Assamese	24.6479	568	140	21.282	28.355
freq:comp	Assyrian	47.0	300	141	41.426	52.65
freq:comp	Azerbaijani	26.6019	515	137	22.969	30.581
freq:comp	Bambara	43.8346	9748	4273	42.852	44.822
freq:comp	Bavarian	34.8072	10788	3755	33.914	35.711
freq:comp	Beja	36.9952	8147	3014	35.953	38.049
freq:comp	Bengali	28.4848	165	47	22.149	35.8
freq:comp	Bhojpuri	41.938	3839	1610	40.386	43.506
freq:comp	Bokota	51.0228	1711	873	48.654	53.387
freq:comp	Brahui	32.0127	631	202	28.491	35.752
freq:comp	Breton	40.5938	7410	3008	39.481	41.716
freq:comp	Buryat	17.3977	6110	1063	16.468	18.369
freq:comp	Cantonese	31.7076	8632	2737	30.734	32.697
freq:comp	Cappadocian	33.0024	3324	1097	31.424	34.62
freq:comp	Cebuano	45.5804	939	428	42.419	48.777
freq:comp	Central_Kurdish	31.2195	410	128	26.926	35.862
freq:comp	Chinese	36.3931	15121	5503	35.63	37.163
freq:comp	Chintang	22.5857	8864	2002	21.727	23.468
freq:comp	Chukchi	11.4401	3208	367	10.385	12.588
freq:comp	Classical_Chinese	27.789	493	137	24.018	31.903
freq:comp	Czech	34.5116	4187	1445	33.086	35.965
freq:comp	English	35.1061	35538	12476	34.611	35.604
freq:comp	Esperanto	30.6024	2490	762	28.823	32.441
freq:comp	Faroese	38.4965	6598	2540	37.329	39.677
freq:comp	Finnish	25.3852	10904	2768	24.577	26.211
freq:comp	French	36.9742	4065	1503	35.503	38.47
freq:comp	Frisian_Dutch	30.3935	2846	865	28.731	32.109
freq:comp	Gheg	44.1128	12663	5586	43.25	44.979
freq:comp	Gorontalo	48.1013	158	76	40.449	55.844
freq:comp	Greek	33.0984	15608	5166	32.364	33.841
freq:comp	Guajajara	21.72	6349	1379	20.723	22.751
freq:comp	Guarani	15.5405	148	23	10.584	22.24
freq:comp	Gujarati	38.1452	1240	473	35.482	40.881
freq:comp	Gwichin	45.6522	322	147	40.295	51.112
freq:comp	Haitian_Creole	28.5071	2666	760	26.825	30.251
freq:comp	Hausa	59.1131	33825	19995	58.588	59.636
freq:comp	Hebrew	36.7471	6425	2361	35.576	37.934
freq:comp	Highland_Puebla_Nahuatl	17.5977	5478	964	16.612	18.629
freq:comp	Hittite	25.1631	1073	270	22.658	27.845
freq:comp	Ika	43.5448	3594	1565	41.932	45.172
freq:comp	Irish	36.5058	3646	1331	34.958	38.082
freq:comp	Italian	41.2865	5130	2118	39.946	42.64
freq:comp	Javanese	21.839	9799	2140	21.032	22.668
freq:comp	Kaapor	30.1471	272	82	25.001	35.846
freq:comp	Kadiweu	19.6532	173	34	14.419	26.206
freq:comp	Kangri	43.9247	1646	723	41.544	46.334
freq:comp	Karelian	24.7363	1896	469	22.846	26.728
freq:comp	Karo	37.9941	1366	519	35.457	40.598
freq:comp	Kazakh	19.5865	6433	1260	18.635	20.574
freq:comp	Kiche	23.9967	6055	1453	22.938	25.089
freq:comp	Komi_Permyak	24.1327	663	160	21.031	27.533
freq:comp	Komi_Zyrian	22.2499	6427	1430	21.25	23.283
freq:comp	Korean	24.6722	17465	4309	24.038	25.317
freq:comp	Kyrgyz	27.9948	768	215	24.935	31.274
freq:comp	Latgalian	33.0	100	33	24.563	42.695
freq:comp	Latvian	33.3333	99	33	24.824	43.088
freq:comp	Ligurian	40.7299	5124	2087	39.392	42.082
freq:comp	Lithuanian	28.4525	3244	923	26.926	30.03
freq:comp	Livvi	23.6422	939	222	21.035	26.464
freq:comp	Luxembourgish	37.5	136	51	29.812	45.875
freq:comp	Macedonian	51.7714	875	453	48.46	55.067
freq:comp	Madi	43.0769	65	28	31.759	55.167
freq:comp	Makurap	23.5294	102	24	16.352	32.628
freq:comp	Malayalam	22.4015	1549	347	20.395	24.545
freq:comp	Marathi	36.8846	2356	869	34.959	38.853
freq:comp	Mbya_Guarani	44.2748	655	290	40.515	48.101
freq:comp	Middle_Armenian	36.919	753	278	33.547	40.424
freq:comp	Middle_French	37.0188	5689	2106	35.773	38.282
freq:comp	Moksha	22.739	2709	616	21.2	24.355
freq:comp	Munduruku	32.967	637	210	29.428	36.71
freq:comp	Naga	34.1121	1926	657	32.028	36.259
freq:comp	Neapolitan	40.0	140	56	32.257	48.277
freq:comp	Nenets	21.1422	823	174	18.49	24.063
freq:comp	Nepali	19.5531	537	105	16.42	23.119
freq:comp	Northern_Kurdish	36.5792	7127	2607	35.468	37.704
freq:comp	Northwest_Gbaya	39.3561	2081	819	37.279	41.473
freq:comp	Odia	20.1352	3551	715	18.849	21.486
freq:comp	Old_English	37.6147	109	41	29.089	46.984
freq:comp	Old_French	37.7622	12584	4752	36.919	38.613
freq:comp	Old_Georgian	23.7629	5214	1239	22.627	24.937
freq:comp	Old_Irish	27.2588	653	178	23.984	30.8
freq:comp	Old_Turkish	57.3171	82	47	46.521	67.458
freq:comp	Ottoman_Turkish	19.8814	6574	1307	18.934	20.864
freq:comp	Pashto	38.9629	4879	1901	37.604	40.339
freq:comp	Paumari	37.594	266	100	31.989	43.552
freq:comp	Pesh	43.336	2506	1086	41.408	45.285
freq:comp	Phrygian	37.5461	1084	407	34.712	40.468
freq:comp	Polish	37.7062	13279	5007	36.886	38.534
freq:comp	Punjabi	38.348	2845	1091	36.578	40.149
freq:comp	Romanian	42.8383	3798	1627	41.273	44.419
freq:comp	Ruuli	40.3889	3600	1454	38.797	42.001
freq:comp	Sanskrit	14.8554	1279	190	13.012	16.91
freq:comp	Shanghainese	37.2226	5408	2013	35.944	38.52
freq:comp	Sicilian	41.1204	7979	3281	40.045	42.204
freq:comp	Sinhala	26.5328	946	251	23.818	29.437
freq:comp	Skolt_Sami	29.4045	1612	474	27.231	31.675
freq:comp	South_Levantine_Arabic	43.6433	527	230	39.47	47.908
freq:comp	Southern_Kurdish	27.1856	835	227	24.277	30.303
freq:comp	Spanish	37.5525	5238	1967	36.251	38.873
freq:comp	Spanish_Sign_Language	22.3881	670	150	19.394	25.697
freq:comp	Swedish	38.4366	8929	3432	37.433	39.45
freq:comp	Swedish_Sign_Language	22.6829	820	186	19.948	25.673
freq:comp	Tagalog	49.9603	1261	630	47.205	52.716
freq:comp	Tamil	25.8334	9209	2379	24.95	26.737
freq:comp	Tatar	17.7658	1486	264	15.906	19.792
freq:comp	Teko	27.705	1451	402	25.463	30.064
freq:comp	Telugu	21.8203	3373	736	20.459	23.246
freq:comp	Telugu_English	28.2353	255	72	23.065	34.052
freq:comp	Tswana	51.4085	142	73	43.26	59.483
freq:comp	Tupinamba	22.9724	2355	541	21.318	24.715
freq:comp	Turkish	23.4601	23248	5454	22.92	24.009
freq:comp	Turkish_English	24.2424	264	64	19.466	29.757
freq:comp	Umbrian	36.8899	881	325	33.767	40.127
freq:comp	Upper_Sorbian	29.5039	7277	2147	28.467	30.562
freq:comp	Uzbek	20.1559	8598	1733	19.321	21.017
freq:comp	Veps	25.9386	879	228	23.15	28.936
freq:comp	Vietnamese	33.6742	1369	461	31.22	36.22
freq:comp	Warlpiri	55.3922	204	113	48.534	62.051
freq:comp	Wolof	41.981	32105	13478	41.442	42.522
freq:comp	Xavante	38.6578	1058	409	35.77	41.628
freq:comp	Xibe	31.34	10903	3417	30.476	32.217
freq:comp	Yakut	19.8052	924	183	17.363	22.498
freq:comp	Yoruba	40.9176	5863	2399	39.665	42.182
freq:comp	Yupik	22.7536	690	157	19.781	26.028
freq:comp	Zazaki	39.2109	811	318	35.909	42.614
freq:det	Abaza	1.6279	430	7	0.791	3.322
freq:det	Abkhaz	1.0779	6958	75	0.861	1.349
freq:det	Akkadian	13.3824	1360	182	11.676	15.295
freq:det	Akuntsu	1.2839	701	9	0.677	2.422
freq:det	Albanian	15.7164	3385	532	14.529	16.981
freq:det	Alemannic	11.2637	1092	123	9.523	13.276
freq:det	Amharic	6.3019	7585	478	5.777	6.871
freq:det	Apurina	6.1017	590	36	4.44	8.332
freq:det	Assamese	4.5775	568	26	3.143	6.623
freq:det	Assyrian	5.3333	300	16	3.309	8.487
freq:det	Azerbaijani	2.7184	515	14	1.626	4.511
freq:det	Bambara	5.2011	9748	507	4.778	5.66
freq:det	Bavarian	17.1394	10788	1849	16.44	17.862
freq:det	Beja	20.9034	8147	1703	20.034	21.8
freq:det	Bengali	7.2727	165	12	4.209	12.281
freq:det	Bhojpuri	4.5324	3839	174	3.919	5.237
freq:det	Bokota	0.5845	1711	10	0.318	1.073
freq:det	Brahui	5.7052	631	36	4.149	7.797
freq:det	Breton	16.2348	7410	1203	15.413	17.092
freq:det	Buryat	3.748	6110	229	3.3	4.254
freq:det	Cantonese	3.8925	8632	336	3.505	4.321
freq:det	Cappadocian	20.9687	3324	697	19.619	22.386
freq:det	Cebuano	1.1715	939	11	0.655	2.085
freq:det	Central_Kurdish	5.122	410	21	3.374	7.703
freq:det	Chinese	2.5329	15121	383	2.294	2.796
freq:det	Chintang	4.9188	8864	436	4.488	5.389
freq:det	Chukchi	1.1845	3208	38	0.864	1.622
freq:det	Classical_Chinese	1.217	493	6	0.559	2.629
freq:det	Czech	5.0394	4187	211	4.417	5.744
freq:det	English	11.295	35538	4014	10.97	11.628
freq:det	Esperanto	10.4016	2490	259	9.263	11.662
freq:det	Faroese	2.819	6598	186	2.446	3.247
freq:det	Finnish	2.2469	10904	245	1.985	2.542
freq:det	French	18.7454	4065	762	17.575	19.974
freq:det	Frisian_Dutch	11.6304	2846	331	10.504	12.86
freq:det	Gheg	10.1082	12663	1280	9.595	10.645
freq:det	Gorontalo	8.2278	158	13	4.871	13.567
freq:det	Greek	20.1499	15608	3145	19.528	20.787
freq:det	Guajajara	1.6066	6349	102	1.325	1.946
freq:det	Guarani	2.027	148	3	0.692	5.79
freq:det	Gujarati	1.6935	1240	21	1.11	2.575
freq:det	Gwichin	1.2422	322	4	0.484	3.15
freq:det	Haitian_Creole	11.2528	2666	300	10.109	12.509
freq:det	Hausa	3.3762	33825	1142	3.189	3.574
freq:det	Hebrew	10.1323	6425	651	9.418	10.894
freq:det	Highland_Puebla_Nahuatl	7.9774	5478	437	7.289	8.725
freq:det	Hittite	1.3979	1073	15	0.849	2.294
freq:det	Ika	1.419	3594	51	1.081	1.861
freq:det	Irish	8.7767	3646	320	7.901	9.739
freq:det	Italian	19.8441	5130	1018	18.775	20.958
freq:det	Javanese	6.9599	9799	682	6.473	7.481
freq:det	Kaapor	0.3676	272	1	0.065	2.053
freq:det	Kadiweu	19.6532	173	34	14.419	26.206
freq:det	Kangri	3.3414	1646	55	2.576	4.324
freq:det	Karelian	1.9515	1896	37	1.419	2.678
freq:det	Karo	0.4392	1366	6	0.201	0.955
freq:det	Kazakh	3.3888	6433	218	2.974	3.859
freq:det	Kiche	23.3031	6055	1411	22.255	24.385
freq:det	Komi_Permyak	1.81	663	12	1.038	3.137
freq:det	Komi_Zyrian	2.4428	6427	157	2.093	2.85
freq:det	Korean	4.0023	17465	699	3.722	4.303
freq:det	Kyrgyz	2.0833	768	16	1.286	3.357
freq:det	Latgalian	6.0	100	6	2.779	12.477
freq:det	Latvian	5.0505	99	5	2.176	11.283
freq:det	Ligurian	16.5691	5124	849	15.576	17.612
freq:det	Lithuanian	4.4081	3244	143	3.754	5.17
freq:det	Livvi	1.278	939	12	0.733	2.22
freq:det	Luxembourgish	22.0588	136	30	15.911	29.741
freq:det	Macedonian	2.2857	875	20	1.484	3.504
freq:det	Malayalam	2.6469	1549	41	1.957	3.571
freq:det	Marathi	4.8387	2356	114	4.043	5.781
freq:det	Mbya_Guarani	1.374	655	9	0.725	2.591
freq:det	Middle_Armenian	4.7809	753	36	3.473	6.548
freq:det	Middle_French	14.695	5689	836	13.799	15.639
freq:det	Moksha	2.4363	2709	66	1.92	3.088
freq:det	Munduruku	0.471	637	3	0.16	1.375
freq:det	Naga	7.0093	1926	135	5.953	8.237
freq:det	Neapolitan	17.8571	140	25	12.398	25.033
freq:det	Nenets	1.0936	823	9	0.576	2.065
freq:det	Nepali	7.0764	537	38	5.199	9.564
freq:det	Northern_Kurdish	2.9886	7127	213	2.618	3.41
freq:det	Northwest_Gbaya	2.1144	2081	44	1.579	2.826
freq:det	Odia	4.8719	3551	173	4.211	5.63
freq:det	Old_English	8.2569	109	9	4.405	14.951
freq:det	Old_French	16.0045	12584	2014	15.374	16.655
freq:det	Old_Georgian	6.636	5214	346	5.992	7.344
freq:det	Old_Irish	6.1256	653	40	4.53	8.234
freq:det	Old_Turkish	6.0976	82	5	2.632	13.492
freq:det	Ottoman_Turkish	7.9556	6574	523	7.326	8.635
freq:det	Pashto	5.6569	4879	276	5.043	6.341
freq:det	Paumari	18.0451	266	48	13.889	23.111
freq:det	Pesh	4.5491	2506	114	3.8	5.437
freq:det	Phrygian	11.4391	1084	124	9.679	13.472
freq:det	Polish	2.455	13279	326	2.205	2.732
freq:det	Punjabi	6.116	2845	174	5.293	7.057
freq:det	Romanian	6.1611	3798	234	5.44	6.971
freq:det	Ruuli	2.5833	3600	93	2.113	3.154
freq:det	Sanskrit	4.8475	1279	62	3.8	6.166
freq:det	Shanghainese	1.8491	5408	100	1.523	2.244
freq:det	Sicilian	16.2301	7979	1295	15.437	17.055
freq:det	Sinhala	4.4397	946	42	3.301	5.947
freq:det	Skolt_Sami	3.536	1612	57	2.739	4.554
freq:det	South_Levantine_Arabic	3.6053	527	19	2.32	5.562
freq:det	Southern_Kurdish	3.9521	835	33	2.828	5.498
freq:det	Spanish	14.1466	5238	741	13.229	15.117
freq:det	Spanish_Sign_Language	3.7313	670	25	2.54	5.45
freq:det	Swedish	4.7262	8929	422	4.305	5.186
freq:det	Swedish_Sign_Language	8.2927	820	68	6.594	10.38
freq:det	Tagalog	2.8549	1261	36	2.069	3.927
freq:det	Tamil	1.8243	9209	168	1.57	2.118
freq:det	Tatar	0.8748	1486	13	0.512	1.491
freq:det	Teko	4.4108	1451	64	3.469	5.593
freq:det	Telugu	4.5953	3373	155	3.939	5.355
freq:det	Telugu_English	7.8431	255	20	5.134	11.803
freq:det	Tupinamba	1.0616	2355	25	0.72	1.562
freq:det	Turkish	7.1533	23248	1663	6.829	7.492
freq:det	Turkish_English	9.0909	264	24	6.185	13.17
freq:det	Umbrian	0.681	881	6	0.312	1.478
freq:det	Upper_Sorbian	3.2431	7277	236	2.86	3.675
freq:det	Uzbek	3.2449	8598	279	2.891	3.641
freq:det	Veps	0.3413	879	3	0.116	0.999
freq:det	Vietnamese	6.428	1369	88	5.247	7.853
freq:det	Wolof	9.7742	32105	3138	9.454	10.104
freq:det	Xavante	5.9546	1058	63	4.682	7.546
freq:det	Xibe	1.7518	10903	191	1.522	2.016
freq:det	Yakut	8.4416	924	78	6.817	10.411
freq:det	Yoruba	4.6734	5863	274	4.162	5.244
freq:det	Yupik	0.7246	690	5	0.31	1.685
freq:det	Zazaki	1.3564	811	11	0.759	2.412
freq:discourse	Abaza	2.093	430	9	1.105	3.929
freq:discourse	Abkhaz	0.1868	6958	13	0.109	0.319
freq:discourse	Akuntsu	9.2725	701	65	7.342	11.647
freq:discourse	Albanian	0.1182	3385	4	0.046	0.303
freq:discourse	Amharic	2.7818	7585	211	2.435	3.176
freq:discourse	Apurina	0.339	590	2	0.093	1.227
freq:discourse	Assamese	2.993	568	17	1.877	4.741
freq:discourse	Azerbaijani	0.3883	515	2	0.107	1.405
freq:discourse	Bambara	7.9811	9748	778	7.46	8.536
freq:discourse	Bavarian	0.2132	10788	23	0.142	0.32
freq:discourse	Beja	5.8672	8147	478	5.377	6.399
freq:discourse	Bengali	3.6364	165	6	1.677	7.705
freq:discourse	Bhojpuri	0.2084	3839	8	0.106	0.411
freq:discourse	Bokota	1.578	1711	27	1.087	2.286
freq:discourse	Brahui	0.317	631	2	0.087	1.148
freq:discourse	Breton	0.027	7410	2	0.007	0.098
freq:discourse	Buryat	6.6612	6110	407	6.063	7.314
freq:discourse	Cantonese	17.2729	8632	1491	16.49	18.085
freq:discourse	Cappadocian	1.083	3324	36	0.783	1.496
freq:discourse	Cebuano	0.3195	939	3	0.109	0.935
freq:discourse	Central_Kurdish	10.0	410	41	7.457	13.285
freq:discourse	Chinese	2.8173	15121	426	2.565	3.093
freq:discourse	Chintang	7.1864	8864	637	6.667	7.743
freq:discourse	Chukchi	9.3516	3208	300	8.392	10.408
freq:discourse	Classical_Chinese	7.7079	493	38	5.667	10.403
freq:discourse	Czech	0.1194	4187	5	0.051	0.279
freq:discourse	English	1.1059	35538	393	1.002	1.22
freq:discourse	Esperanto	0.0803	2490	2	0.022	0.292
freq:discourse	Faroese	0.0152	6598	1	0.003	0.086
freq:discourse	Finnish	0.0092	10904	1	0.002	0.052
freq:discourse	French	0.369	4065	15	0.224	0.608
freq:discourse	Frisian_Dutch	6.9923	2846	199	6.112	7.988
freq:discourse	Gheg	4.7777	12663	605	4.42	5.163
freq:discourse	Greek	1.0636	15608	166	0.914	1.237
freq:discourse	Guajajara	31.6743	6349	2011	30.541	32.829
freq:discourse	Guarani	14.8649	148	22	10.026	21.481
freq:discourse	Gujarati	3.5484	1240	44	2.654	4.73
freq:discourse	Gwichin	0.3106	322	1	0.055	1.738
freq:discourse	Haitian_Creole	0.0375	2666	1	0.007	0.212
freq:discourse	Hausa	6.1286	33825	2073	5.878	6.389
freq:discourse	Hebrew	0.0156	6425	1	0.003	0.088
freq:discourse	Highland_Puebla_Nahuatl	3.3041	5478	181	2.863	3.811
freq:discourse	Hittite	8.6673	1073	93	7.128	10.502
freq:discourse	Ika	8.3751	3594	301	7.513	9.326
freq:discourse	Italian	0.2534	5130	13	0.148	0.433
freq:discourse	Javanese	0.3368	9799	33	0.24	0.473
freq:discourse	Kaapor	11.7647	272	32	8.458	16.136
freq:discourse	Kangri	0.1823	1646	3	0.062	0.535
freq:discourse	Karelian	0.211	1896	4	0.082	0.541
freq:discourse	Karo	4.4656	1366	61	3.492	5.695
freq:discourse	Kazakh	0.8394	6433	54	0.644	1.094
freq:discourse	Kiche	2.4773	6055	150	2.115	2.9
freq:discourse	Komi_Permyak	1.0558	663	7	0.512	2.163
freq:discourse	Komi_Zyrian	0.6691	6427	43	0.497	0.9
freq:discourse	Korean	0.0802	17465	14	0.048	0.135
freq:discourse	Kyrgyz	3.9062	768	30	2.75	5.522
freq:discourse	Latgalian	2.0	100	2	0.55	7.001
freq:discourse	Latvian	2.0202	99	2	0.556	7.069
freq:discourse	Ligurian	0.4489	5124	23	0.299	0.673
freq:discourse	Lithuanian	0.0925	3244	3	0.031	0.272
freq:discourse	Livvi	0.426	939	4	0.166	1.09
freq:discourse	Macedonian	0.3429	875	3	0.117	1.003
freq:discourse	Madi	15.3846	65	10	8.577	26.055
freq:discourse	Makurap	19.6078	102	20	13.067	28.355
freq:discourse	Marathi	2.4194	2356	57	1.872	3.122
freq:discourse	Mbya_Guarani	0.6107	655	4	0.238	1.56
freq:discourse	Middle_Armenian	0.1328	753	1	0.023	0.748
freq:discourse	Middle_French	0.0176	5689	1	0.003	0.1
freq:discourse	Moksha	0.6275	2709	17	0.392	1.003
freq:discourse	Munduruku	4.8666	637	31	3.449	6.825
freq:discourse	Naga	2.3884	1926	46	1.795	3.171
freq:discourse	Nenets	12.7582	823	105	10.651	15.212
freq:discourse	Nepali	15.0838	537	81	12.305	18.358
freq:discourse	Northern_Kurdish	0.3929	7127	28	0.272	0.567
freq:discourse	Northwest_Gbaya	3.3157	2081	69	2.628	4.175
freq:discourse	Odia	1.4081	3551	50	1.07	1.851
freq:discourse	Old_Georgian	0.0192	5214	1	0.003	0.109
freq:discourse	Old_Irish	0.7657	653	5	0.327	1.78
freq:discourse	Ottoman_Turkish	1.2778	6574	84	1.033	1.579
freq:discourse	Pashto	0.5534	4879	27	0.381	0.804
freq:discourse	Pesh	9.2578	2506	232	8.185	10.456
freq:discourse	Punjabi	2.3902	2845	68	1.89	3.019
freq:discourse	Romanian	2.8436	3798	108	2.361	3.422
freq:discourse	Ruuli	1.8333	3600	66	1.444	2.326
freq:discourse	Sanskrit	0.0782	1279	1	0.014	0.442
freq:discourse	Shanghainese	16.2537	5408	879	15.294	17.261
freq:discourse	Sicilian	0.2757	7979	22	0.182	0.417
freq:discourse	Sinhala	0.3171	946	3	0.108	0.928
freq:discourse	Skolt_Sami	4.2804	1612	69	3.396	5.382
freq:discourse	South_Levantine_Arabic	2.4668	527	13	1.447	4.174
freq:discourse	Southern_Kurdish	4.1916	835	35	3.029	5.774
freq:discourse	Spanish	3.6082	5238	189	3.136	4.148
freq:discourse	Spanish_Sign_Language	2.2388	670	15	1.361	3.661
freq:discourse	Swedish	0.2128	8929	19	0.136	0.332
freq:discourse	Swedish_Sign_Language	5.6098	820	46	4.232	7.402
freq:discourse	Tagalog	0.3172	1261	4	0.123	0.813
freq:discourse	Tatar	0.0673	1486	1	0.012	0.38
freq:discourse	Teko	2.9635	1451	43	2.207	3.968
freq:discourse	Telugu	0.8598	3373	29	0.599	1.232
freq:discourse	Tswana	1.4085	142	2	0.387	4.99
freq:discourse	Tupinamba	8.3652	2355	197	7.314	9.552
freq:discourse	Turkish	0.1979	23248	46	0.148	0.264
freq:discourse	Turkish_English	6.8182	264	18	4.356	10.519
freq:discourse	Upper_Sorbian	0.0137	7277	1	0.002	0.078
freq:discourse	Uzbek	0.8956	8598	77	0.717	1.118
freq:discourse	Vietnamese	1.3879	1369	19	0.89	2.158
freq:discourse	Wolof	0.1464	32105	47	0.11	0.195
freq:discourse	Xavante	4.4423	1058	47	3.357	5.857
freq:discourse	Xibe	0.6329	10903	69	0.5	0.8
freq:discourse	Yakut	4.0043	924	37	2.919	5.471
freq:discourse	Yoruba	0.1364	5863	8	0.069	0.269
freq:discourse	Zazaki	9.1245	811	74	7.331	11.304
freq:mod	Abaza	30.2326	430	130	26.082	34.733
freq:mod	Abkhaz	38.2725	6958	2663	37.137	39.421
freq:mod	Akkadian	34.9265	1360	475	32.438	37.499
freq:mod	Akuntsu	26.6762	701	187	23.536	30.071
freq:mod	Albanian	22.3338	3385	756	20.963	23.768
freq:mod	Alemannic	24.2674	1092	265	21.818	26.897
freq:mod	Amharic	12.7093	7585	964	11.979	13.478
freq:mod	Apurina	26.7797	590	158	23.365	30.495
freq:mod	Assamese	37.8521	568	215	33.958	41.91
freq:mod	Assyrian	16.0	300	48	12.285	20.574
freq:mod	Azerbaijani	23.4951	515	121	20.038	27.345
freq:mod	Bambara	8.8018	9748	858	8.255	9.381
freq:mod	Bavarian	21.6537	10788	2336	20.887	22.441
freq:mod	Beja	19.7373	8147	1608	18.887	20.616
freq:mod	Bengali	33.9394	165	56	27.153	41.456
freq:mod	Bhojpuri	21.6723	3839	832	20.398	23.004
freq:mod	Bokota	21.3326	1711	365	19.457	23.337
freq:mod	Brahui	31.8542	631	201	28.338	35.59
freq:mod	Breton	21.0526	7410	1560	20.14	21.996
freq:mod	Buryat	55.9411	6110	3418	54.693	57.182
freq:mod	Cantonese	28.9041	8632	2495	27.957	29.87
freq:mod	Cappadocian	20.2166	3324	672	18.886	21.616
freq:mod	Cebuano	22.7902	939	214	20.221	25.581
freq:mod	Central_Kurdish	29.5122	410	121	25.304	34.101
freq:mod	Chinese	38.0332	15121	5751	37.263	38.81
freq:mod	Chintang	40.343	8864	3576	39.326	41.368
freq:mod	Chukchi	50.904	3208	1633	49.174	52.632
freq:mod	Classical_Chinese	35.6998	493	176	31.596	40.025
freq:mod	Czech	31.5739	4187	1322	30.183	32.998
freq:mod	English	23.8083	35538	8461	23.368	24.254
freq:mod	Esperanto	28.7149	2490	715	26.972	30.524
freq:mod	Faroese	19.9909	6598	1319	19.043	20.973
freq:mod	Finnish	39.4718	10904	4304	38.558	40.393
freq:mod	French	17.8598	4065	726	16.713	19.067
freq:mod	Frisian_Dutch	24.6311	2846	701	23.083	26.248
freq:mod	Gheg	16.3784	12663	2074	15.744	17.033
freq:mod	Gorontalo	6.962	158	11	3.932	12.035
freq:mod	Greek	21.553	15608	3364	20.915	22.205
freq:mod	Guajajara	18.7589	6349	1191	17.818	19.738
freq:mod	Guarani	31.7568	148	47	24.799	39.637
freq:mod	Gujarati	22.7419	1240	282	20.495	25.157
freq:mod	Gwichin	23.913	322	77	19.579	28.862
freq:mod	Haitian_Creole	21.7929	2666	581	20.267	23.4
freq:mod	Hausa	23.3821	33825	7909	22.934	23.836
freq:mod	Hebrew	19.2374	6425	1236	18.292	20.219
freq:mod	Highland_Puebla_Nahuatl	36.2724	5478	1987	35.009	37.555
freq:mod	Hittite	37.2787	1073	400	34.436	40.212
freq:mod	Ika	36.7279	3594	1320	35.167	38.317
freq:mod	Irish	25.3428	3646	924	23.957	26.78
freq:mod	Italian	15.4191	5130	791	14.457	16.433
freq:mod	Javanese	40.6266	9799	3981	39.658	41.603
freq:mod	Kaapor	26.8382	272	73	21.922	32.4
freq:mod	Kadiweu	21.9653	173	38	16.442	28.707
freq:mod	Kangri	21.2029	1646	349	19.296	23.243
freq:mod	Karelian	34.7574	1896	659	32.647	36.93
freq:mod	Karo	29.5754	1366	404	27.215	32.05
freq:mod	Kazakh	42.5152	6433	2735	41.312	43.727
freq:mod	Kiche	23.3856	6055	1416	22.337	24.468
freq:mod	Komi_Permyak	30.0151	663	199	26.65	33.611
freq:mod	Komi_Zyrian	38.6961	6427	2487	37.512	39.893
freq:mod	Korean	40.418	17465	7059	39.692	41.148
freq:mod	Kyrgyz	26.1719	768	201	23.187	29.394
freq:mod	Latgalian	17.0	100	17	10.894	25.548
freq:mod	Latvian	18.1818	99	18	11.822	26.919
freq:mod	Ligurian	15.4957	5124	794	14.531	16.512
freq:mod	Lithuanian	37.1455	3244	1205	35.499	38.823
freq:mod	Livvi	35.2503	939	331	32.26	38.36
freq:mod	Luxembourgish	9.5588	136	13	5.672	15.668
freq:mod	Macedonian	17.6	875	154	15.22	20.263
freq:mod	Madi	13.8462	65	9	7.459	24.268
freq:mod	Makurap	37.2549	102	38	28.495	46.94
freq:mod	Malayalam	43.2537	1549	670	40.806	45.735
freq:mod	Marathi	16.7657	2356	395	15.312	18.328
freq:mod	Mbya_Guarani	23.5115	655	154	20.424	26.908
freq:mod	Middle_Armenian	20.3187	753	153	17.599	23.34
freq:mod	Middle_French	16.2243	5689	923	15.289	17.205
freq:mod	Moksha	34.8099	2709	943	33.039	36.624
freq:mod	Munduruku	19.9372	637	127	17.019	23.216
freq:mod	Naga	22.6376	1926	436	20.824	24.56
freq:mod	Neapolitan	15.7143	140	22	10.612	22.647
freq:mod	Nenets	58.0802	823	478	54.679	61.406
freq:mod	Nepali	35.1955	537	189	31.274	39.327
freq:mod	Northern_Kurdish	26.7153	7127	1904	25.701	27.755
freq:mod	Northwest_Gbaya	20.0865	2081	418	18.421	21.862
freq:mod	Odia	40.4675	3551	1437	38.864	42.091
freq:mod	Old_English	14.6789	109	16	9.242	22.521
freq:mod	Old_French	15.321	12584	1928	14.702	15.961
freq:mod	Old_Georgian	37.6678	5214	1964	36.362	38.992
freq:mod	Old_Irish	38.5911	653	252	34.934	42.381
freq:mod	Old_Turkish	15.8537	82	13	9.506	25.258
freq:mod	Ottoman_Turkish	41.0405	6574	2698	39.857	42.234
freq:mod	Pashto	23.4269	4879	1143	22.26	24.636
freq:mod	Paumari	22.1805	266	59	17.604	27.549
freq:mod	Pesh	28.5714	2506	716	26.837	30.372
freq:mod	Phrygian	10.6089	1084	115	8.913	12.583
freq:mod	Polish	34.5131	13279	4583	33.709	35.326
freq:mod	Punjabi	26.6784	2845	759	25.085	28.334
freq:mod	Romanian	21.8536	3798	830	20.568	23.196
freq:mod	Ruuli	29.0278	3600	1045	27.568	30.532
freq:mod	Sanskrit	48.4754	1279	620	45.745	51.215
freq:mod	Shanghainese	23.5022	5408	1271	22.391	24.651
freq:mod	Sicilian	16.5058	7979	1317	15.707	17.336
freq:mod	Sinhala	32.8753	946	311	29.956	35.933
freq:mod	Skolt_Sami	24.2556	1612	391	22.226	26.408
freq:mod	South_Levantine_Arabic	28.8425	527	152	25.139	32.852
freq:mod	Southern_Kurdish	28.1437	835	235	25.199	31.289
freq:mod	Spanish	21.3249	5238	1117	20.237	22.455
freq:mod	Spanish_Sign_Language	31.0448	670	208	27.658	34.648
freq:mod	Swedish	24.0564	8929	2148	23.181	24.954
freq:mod	Swedish_Sign_Language	22.561	820	185	19.832	25.546
freq:mod	Tagalog	15.5432	1261	196	13.648	17.647
freq:mod	Tamil	45.7053	9209	4209	44.69	46.724
freq:mod	Tatar	50.3365	1486	748	47.797	52.874
freq:mod	Teko	27.3604	1451	397	25.129	29.712
freq:mod	Telugu	24.5182	3373	827	23.096	25.998
freq:mod	Telugu_English	23.5294	255	60	18.74	29.105
freq:mod	Tswana	11.2676	142	16	7.056	17.52
freq:mod	Tupinamba	38.7261	2355	912	36.779	40.71
freq:mod	Turkish	36.2655	23248	8431	35.65	36.886
freq:mod	Turkish_English	33.3333	264	88	27.922	39.223
freq:mod	Umbrian	37.4574	881	330	34.322	40.701
freq:mod	Upper_Sorbian	36.4573	7277	2653	35.359	37.57
freq:mod	Uzbek	39.3696	8598	3385	38.342	40.407
freq:mod	Veps	35.7224	879	314	32.623	38.946
freq:mod	Vietnamese	30.6793	1369	420	28.293	33.173
freq:mod	Warlpiri	9.8039	204	20	6.436	14.657
freq:mod	Wolof	20.7195	32105	6652	20.28	21.166
freq:mod	Xavante	18.62	1058	197	16.389	21.078
freq:mod	Xibe	45.1344	10903	4921	44.202	46.07
freq:mod	Yakut	30.7359	924	284	27.846	33.786
freq:mod	Yoruba	21.5078	5863	1261	20.475	22.578
freq:mod	Yupik	40.8696	690	282	37.262	44.578
freq:mod	Zazaki	21.0851	811	171	18.417	24.025
freq:subj	Abaza	20.0	430	86	16.492	24.039
freq:subj	Abkhaz	21.1555	6958	1472	20.212	22.131
freq:subj	Akkadian	3.5294	1360	48	2.672	4.648
freq:subj	Akuntsu	27.3894	701	192	24.218	30.807
freq:subj	Albanian	8.4195	3385	285	7.531	9.403
freq:subj	Alemannic	10.2564	1092	112	8.594	12.197
freq:subj	Amharic	19.644	7585	1490	18.765	20.553
freq:subj	Apurina	28.4746	590	168	24.981	32.246
freq:subj	Assamese	14.0845	568	80	11.464	17.187
freq:subj	Assyrian	14.0	300	42	10.527	18.383
freq:subj	Azerbaijani	26.2136	515	135	22.601	30.178
freq:subj	Bambara	19.0193	9748	1854	18.252	19.811
freq:subj	Bavarian	11.1235	10788	1200	10.544	11.731
freq:subj	Beja	5.8426	8147	476	5.354	6.373
freq:subj	Bengali	21.2121	165	35	15.666	28.068
freq:subj	Bhojpuri	7.3717	3839	283	6.587	8.242
freq:subj	Bokota	20.2221	1711	346	18.387	22.191
freq:subj	Brahui	10.935	631	69	8.732	13.61
freq:subj	Breton	7.7598	7410	575	7.172	8.391
freq:subj	Buryat	12.2095	6110	746	11.412	13.054
freq:subj	Cantonese	11.0519	8632	954	10.408	11.731
freq:subj	Cappadocian	8.3935	3324	279	7.498	9.385
freq:subj	Cebuano	17.4654	939	164	15.171	20.025
freq:subj	Central_Kurdish	15.122	410	62	11.979	18.913
freq:subj	Chinese	11.3154	15121	1711	10.82	11.83
freq:subj	Chintang	13.6169	8864	1207	12.919	14.347
freq:subj	Chukchi	12.7494	3208	409	11.64	13.948
freq:subj	Classical_Chinese	16.43	493	81	13.421	19.958
freq:subj	Czech	9.7206	4187	407	8.86	10.655
freq:subj	English	12.2151	35538	4341	11.879	12.56
freq:subj	Esperanto	9.9598	2490	248	8.845	11.198
freq:subj	Faroese	19.2179	6598	1268	18.285	20.186
freq:subj	Finnish	13.6739	10904	1491	13.042	14.332
freq:subj	French	9.7909	4065	398	8.915	10.743
freq:subj	Frisian_Dutch	12.2277	2846	348	11.075	13.482
freq:subj	Gheg	8.1497	12663	1032	7.686	8.639
freq:subj	Gorontalo	25.3165	158	40	19.178	32.627
freq:subj	Greek	7.9703	15608	1244	7.556	8.406
freq:subj	Guarani	4.7297	148	7	2.31	9.44
freq:subj	Gujarati	14.0323	1240	174	12.21	16.077
freq:subj	Gwichin	9.9379	322	32	7.128	13.693
freq:subj	Haitian_Creole	14.4786	2666	386	13.194	15.865
freq:subj	Hausa	5.1086	33825	1728	4.879	5.348
freq:subj	Hebrew	9.4163	6425	605	8.726	10.155
freq:subj	Highland_Puebla_Nahuatl	17.9263	5478	982	16.933	18.964
freq:subj	Hittite	9.2265	1073	99	7.637	11.107
freq:subj	Ika	7.9299	3594	285	7.091	8.859
freq:subj	Irish	8.9962	3646	328	8.11	9.969
freq:subj	Italian	7.8947	5130	405	7.188	8.665
freq:subj	Javanese	14.6341	9799	1434	13.948	15.348
freq:subj	Kaapor	26.4706	272	72	21.582	32.015
freq:subj	Kadiweu	38.7283	173	67	31.789	46.157
freq:subj	Kangri	13.4265	1646	221	11.864	15.159
freq:subj	Karelian	12.6055	1896	239	11.187	14.176
freq:subj	Karo	21.5227	1366	294	19.425	23.78
freq:subj	Kazakh	17.4724	6433	1124	16.564	18.42
freq:subj	Kiche	15.6565	6055	948	14.763	16.594
freq:subj	Komi_Permyak	21.4178	663	142	18.464	24.701
freq:subj	Komi_Zyrian	13.7234	6427	882	12.904	14.586
freq:subj	Korean	14.4976	17465	2532	13.983	15.028
freq:subj	Kyrgyz	24.0885	768	185	21.198	27.237
freq:subj	Latgalian	22.0	100	22	15.001	31.07
freq:subj	Latvian	23.2323	99	23	16.009	32.455
freq:subj	Ligurian	8.2748	5124	424	7.551	9.061
freq:subj	Lithuanian	11.6215	3244	377	10.564	12.77
freq:subj	Livvi	15.5485	939	146	13.372	18.006
freq:subj	Luxembourgish	18.3824	136	25	12.773	25.729
freq:subj	Macedonian	9.4857	875	83	7.717	11.608
freq:subj	Madi	23.0769	65	15	14.514	34.645
freq:subj	Makurap	9.8039	102	10	5.413	17.113
freq:subj	Malayalam	14.6546	1549	227	12.981	16.503
freq:subj	Marathi	20.798	2356	490	19.207	22.484
freq:subj	Mbya_Guarani	13.7405	655	90	11.315	16.589
freq:subj	Middle_Armenian	11.5538	753	87	9.463	14.035
freq:subj	Middle_French	9.1229	5689	519	8.402	9.899
freq:subj	Moksha	16.0576	2709	435	14.723	17.488
freq:subj	Munduruku	14.4427	637	92	11.926	17.386
freq:subj	Naga	22.7414	1926	438	20.925	24.667
freq:subj	Neapolitan	10.0	140	14	6.051	16.086
freq:subj	Nenets	6.8044	823	56	5.277	8.733
freq:subj	Nepali	7.8212	537	42	5.838	10.403
freq:subj	Northern_Kurdish	11.5476	7127	823	10.826	12.31
freq:subj	Northwest_Gbaya	19.4137	2081	404	17.771	21.169
freq:subj	Odia	14.7282	3551	523	13.601	15.932
freq:subj	Old_English	24.7706	109	27	17.619	33.641
freq:subj	Old_French	12.055	12584	1517	11.498	12.635
freq:subj	Old_Georgian	6.8853	5214	359	6.229	7.605
freq:subj	Old_Irish	11.026	653	72	8.848	13.66
freq:subj	Old_Turkish	6.0976	82	5	2.632	13.492
freq:subj	Ottoman_Turkish	10.8001	6574	710	10.073	11.573
freq:subj	Pashto	9.4692	4879	462	8.679	10.323
freq:subj	Paumari	13.1579	266	35	9.615	17.75
freq:subj	Pesh	6.9433	2506	174	6.013	8.006
freq:subj	Phrygian	20.572	1084	223	18.272	23.08
freq:subj	Polish	8.9013	13279	1182	8.429	9.398
freq:subj	Punjabi	11.3884	2845	324	10.273	12.608
freq:subj	Romanian	9.1627	3798	348	8.286	10.122
freq:subj	Ruuli	11.7778	3600	424	10.765	12.872
freq:subj	Sanskrit	18.061	1279	231	16.049	20.264
freq:subj	Shanghainese	16.1982	5408	876	15.24	17.204
freq:subj	Sicilian	8.7605	7979	699	8.16	9.401
freq:subj	Sinhala	21.3531	946	202	18.86	24.078
freq:subj	Skolt_Sami	19.603	1612	316	17.738	21.612
freq:subj	South_Levantine_Arabic	7.5901	527	40	5.623	10.171
freq:subj	Southern_Kurdish	16.2874	835	136	13.938	18.945
freq:subj	Spanish	7.1592	5238	375	6.492	7.889
freq:subj	Spanish_Sign_Language	33.5821	670	225	30.109	37.243
freq:subj	Swedish	16.0264	8929	1431	15.28	16.802
freq:subj	Swedish_Sign_Language	25.2439	820	207	22.391	28.328
freq:subj	Tagalog	16.6534	1261	210	14.699	18.81
freq:subj	Tamil	12.6072	9209	1161	11.945	13.301
freq:subj	Tatar	10.9017	1486	162	9.417	12.588
freq:subj	Teko	15.3687	1451	223	13.605	17.316
freq:subj	Telugu	34.5983	3373	1167	33.011	36.22
freq:subj	Telugu_English	32.9412	255	84	27.463	38.926
freq:subj	Tswana	19.0141	142	27	13.409	26.251
freq:subj	Tupinamba	9.087	2355	214	7.992	10.315
freq:subj	Turkish	14.0399	23248	3264	13.599	14.492
freq:subj	Turkish_English	12.8788	264	34	9.364	17.458
freq:subj	Umbrian	4.5403	881	40	3.352	6.124
freq:subj	Upper_Sorbian	10.1278	7277	737	9.456	10.842
freq:subj	Uzbek	16.7132	8598	1437	15.939	17.517
freq:subj	Veps	15.5859	879	137	13.338	18.133
freq:subj	Vietnamese	13.2944	1369	182	11.598	15.196
freq:subj	Warlpiri	27.451	204	56	21.786	33.949
freq:subj	Wolof	14.708	32105	4722	14.325	15.1
freq:subj	Xavante	18.431	1058	195	16.21	20.88
freq:subj	Xibe	8.7957	10903	959	8.279	9.342
freq:subj	Yakut	20.9957	924	194	18.492	23.739
freq:subj	Yoruba	16.118	5863	945	15.199	17.081
freq:subj	Yupik	25.0725	690	173	21.982	28.438
freq:subj	Zazaki	13.3169	811	108	11.151	15.829
freq:udep	Abaza	15.1163	430	65	12.04	18.81
freq:udep	Abkhaz	7.1429	6958	497	6.561	7.772
freq:udep	Akkadian	12.1324	1360	165	10.503	13.975
freq:udep	Akuntsu	6.2767	701	44	4.709	8.321
freq:udep	Albanian	10.3102	3385	349	9.33	11.38
freq:udep	Alemannic	12.6374	1092	138	10.797	14.74
freq:udep	Amharic	6.8293	7585	518	6.283	7.419
freq:udep	Apurina	11.0169	590	65	8.738	13.8
freq:udep	Assamese	13.3803	568	76	10.825	16.427
freq:udep	Assyrian	9.3333	300	28	6.536	13.159
freq:udep	Azerbaijani	17.4757	515	90	14.44	20.993
freq:udep	Bambara	13.3668	9748	1303	12.706	14.057
freq:udep	Bavarian	11.4294	10788	1233	10.843	12.044
freq:udep	Beja	6.0636	8147	494	5.566	6.603
freq:udep	Bengali	4.2424	165	7	2.07	8.497
freq:udep	Bhojpuri	23.4957	3839	902	22.181	24.863
freq:udep	Bokota	4.325	1711	74	3.459	5.395
freq:udep	Brahui	16.6403	631	105	13.938	19.746
freq:udep	Breton	11.525	7410	854	10.818	12.272
freq:udep	Buryat	2.6514	6110	162	2.277	3.085
freq:udep	Cantonese	5.5028	8632	475	5.041	6.004
freq:udep	Cappadocian	8.4537	3324	281	7.555	9.448
freq:udep	Cebuano	11.1821	939	105	9.322	13.358
freq:udep	Central_Kurdish	7.3171	410	30	5.173	10.253
freq:udep	Chinese	6.7853	15121	1026	6.395	7.197
freq:udep	Chintang	6.4418	8864	571	5.949	6.972
freq:udep	Chukchi	9.414	3208	302	8.451	10.474
freq:udep	Classical_Chinese	7.3022	493	36	5.321	9.944
freq:udep	Czech	13.4941	4187	565	12.493	14.563
freq:udep	English	11.7621	35538	4180	11.431	12.101
freq:udep	Esperanto	14.0562	2490	350	12.746	15.477
freq:udep	Faroese	14.9591	6598	987	14.119	15.84
freq:udep	Finnish	13.7106	10904	1495	13.078	14.369
freq:udep	French	12.4477	4065	506	11.468	13.498
freq:udep	Frisian_Dutch	10.1546	2846	289	9.098	11.319
freq:udep	Gheg	8.205	12663	1039	7.74	8.696
freq:udep	Gorontalo	10.1266	158	16	6.33	15.816
freq:udep	Greek	8.7391	15608	1364	8.306	9.192
freq:udep	Guajajara	24.555	6349	1559	23.512	25.629
freq:udep	Guarani	31.0811	148	46	24.183	38.937
freq:udep	Gujarati	15.5645	1240	193	13.653	17.688
freq:udep	Gwichin	13.354	322	43	10.067	17.505
freq:udep	Haitian_Creole	15.2288	2666	406	13.915	16.643
freq:udep	Hausa	0.3518	33825	119	0.294	0.421
freq:udep	Hebrew	14.7237	6425	946	13.878	15.611
freq:udep	Highland_Puebla_Nahuatl	8.2877	5478	454	7.587	9.047
freq:udep	Hittite	9.5061	1073	102	7.893	11.408
freq:udep	Ika	0.8069	3594	29	0.562	1.156
freq:udep	Irish	14.4542	3646	527	13.35	15.633
freq:udep	Italian	9.883	5130	507	9.096	10.73
freq:udep	Javanese	11.9706	9799	1173	11.343	12.628
freq:udep	Kaapor	2.9412	272	8	1.498	5.695
freq:udep	Kangri	16.4642	1646	271	14.751	18.333
freq:udep	Karelian	17.4578	1896	331	15.815	19.232
freq:udep	Karo	6.0029	1366	82	4.862	7.39
freq:udep	Kazakh	12.9333	6433	832	12.135	13.776
freq:udep	Kiche	10.289	6055	623	9.549	11.08
freq:udep	Komi_Permyak	14.6305	663	97	12.144	17.524
freq:udep	Komi_Zyrian	15.0303	6427	966	14.178	15.925
freq:udep	Korean	14.3372	17465	2504	13.825	14.865
freq:udep	Kyrgyz	13.8021	768	106	11.542	16.422
freq:udep	Latgalian	9.0	100	9	4.807	16.226
freq:udep	Latvian	7.0707	99	7	3.467	13.881
freq:udep	Ligurian	13.6222	5124	698	12.71	14.589
freq:udep	Lithuanian	9.0937	3244	295	8.152	10.132
freq:udep	Livvi	16.1874	939	152	13.97	18.68
freq:udep	Luxembourgish	3.6765	136	5	1.58	8.318
freq:udep	Macedonian	8.6857	875	76	6.996	10.737
freq:udep	Madi	3.0769	65	2	0.848	10.543
freq:udep	Makurap	6.8627	102	7	3.364	13.493
freq:udep	Malayalam	10.9748	1549	170	9.514	12.629
freq:udep	Marathi	14.3039	2356	337	12.948	15.776
freq:udep	Mbya_Guarani	12.3664	655	81	10.063	15.109
freq:udep	Middle_Armenian	9.8274	753	74	7.901	12.162
freq:udep	Middle_French	15.1345	5689	861	14.227	16.089
freq:udep	Moksha	16.8697	2709	457	15.507	18.327
freq:udep	Munduruku	27.1586	637	173	23.849	30.742
freq:udep	Naga	8.4112	1926	162	7.253	9.735
freq:udep	Neapolitan	7.8571	140	11	4.444	13.521
freq:udep	Nepali	7.2626	537	39	5.358	9.774
freq:udep	Northern_Kurdish	16.669	7127	1188	15.822	17.552
freq:udep	Northwest_Gbaya	2.5949	2081	54	1.994	3.37
freq:udep	Odia	13.9116	3551	494	12.812	15.089
freq:udep	Old_English	4.5872	109	5	1.975	10.291
freq:udep	Old_French	12.7225	12584	1601	12.152	13.316
freq:udep	Old_Georgian	13.5788	5214	708	12.676	14.536
freq:udep	Old_Irish	13.17	653	86	10.79	15.98
freq:udep	Old_Turkish	13.4146	82	11	7.659	22.445
freq:udep	Ottoman_Turkish	15.0593	6574	990	14.215	15.944
freq:udep	Pashto	16.2328	4879	792	15.225	17.294
freq:udep	Paumari	8.2707	266	22	5.525	12.204
freq:udep	Pesh	6.4246	2506	161	5.53	7.453
freq:udep	Phrygian	9.0406	1084	98	7.475	10.895
freq:udep	Polish	12.1244	13279	1610	11.58	12.691
freq:udep	Punjabi	11.8453	2845	337	10.709	13.085
freq:udep	Romanian	10.3476	3798	393	9.419	11.357
freq:udep	Ruuli	9.3056	3600	335	8.399	10.298
freq:udep	Sanskrit	9.7733	1279	125	8.264	11.523
freq:udep	Shanghainese	3.0141	5408	163	2.591	3.504
freq:udep	Sicilian	11.4425	7979	913	10.763	12.16
freq:udep	Sinhala	13.8478	946	131	11.793	16.195
freq:udep	Skolt_Sami	7.5062	1612	121	6.319	8.896
freq:udep	South_Levantine_Arabic	11.1954	527	59	8.779	14.173
freq:udep	Southern_Kurdish	19.8802	835	166	17.314	22.722
freq:udep	Spanish	8.3811	5238	439	7.661	9.162
freq:udep	Spanish_Sign_Language	6.2687	670	42	4.671	8.365
freq:udep	Swedish	10.4267	8929	931	9.81	11.078
freq:udep	Swedish_Sign_Language	14.878	820	122	12.606	17.477
freq:udep	Tagalog	12.7676	1261	161	11.038	14.723
freq:udep	Tamil	12.8353	9209	1182	12.168	13.534
freq:udep	Tatar	16.218	1486	241	14.431	18.179
freq:udep	Teko	21.1578	1451	307	19.134	23.334
freq:udep	Telugu	12.8372	3373	433	11.751	14.009
freq:udep	Telugu_English	7.451	255	19	4.822	11.343
freq:udep	Tswana	9.1549	142	13	5.428	15.033
freq:udep	Tupinamba	18.6837	2355	440	17.161	20.308
freq:udep	Turkish	15.7519	23248	3662	15.289	16.226
freq:udep	Turkish_English	11.3636	264	30	8.077	15.759
freq:udep	Umbrian	17.9342	881	158	15.542	20.605
freq:udep	Upper_Sorbian	14.4977	7277	1055	13.708	15.325
freq:udep	Uzbek	16.5736	8598	1425	15.803	17.374
freq:udep	Veps	15.4721	879	136	13.232	18.013
freq:udep	Vietnamese	10.8108	1369	148	9.274	12.567
freq:udep	Warlpiri	7.3529	204	15	4.506	11.776
freq:udep	Wolof	8.413	32105	2701	8.114	8.722
freq:udep	Xavante	13.0435	1058	138	11.147	15.207
freq:udep	Xibe	11.3272	10903	1235	10.746	11.936
freq:udep	Yakut	11.1472	924	103	9.277	13.339
freq:udep	Yoruba	10.5066	5863	616	9.747	11.317
freq:udep	Yupik	10.0	690	69	7.978	12.465
freq:udep	Zazaki	14.5499	811	118	12.29	17.144
freq:vocative	Abaza	0.2326	430	1	0.041	1.305
freq:vocative	Abkhaz	0.7042	6958	49	0.533	0.93
freq:vocative	Akkadian	0.6618	1360	9	0.349	1.253
freq:vocative	Apurina	0.1695	590	1	0.03	0.954
freq:vocative	Assamese	0.1761	568	1	0.031	0.99
freq:vocative	Azerbaijani	0.1942	515	1	0.034	1.092
freq:vocative	Bambara	1.1284	9748	110	0.937	1.358
freq:vocative	Bavarian	0.1483	10788	16	0.091	0.241
freq:vocative	Beja	0.3437	8147	28	0.238	0.496
freq:vocative	Bengali	1.2121	165	2	0.333	4.311
freq:vocative	Breton	0.027	7410	2	0.007	0.098
freq:vocative	Buryat	0.0982	6110	6	0.045	0.214
freq:vocative	Cantonese	0.753	8632	65	0.591	0.959
freq:vocative	Cappadocian	1.4741	3324	49	1.117	1.943
freq:vocative	Cebuano	0.213	939	2	0.058	0.773
freq:vocative	Central_Kurdish	0.4878	410	2	0.134	1.761
freq:vocative	Chinese	0.3241	15121	49	0.245	0.428
freq:vocative	Chintang	0.8348	8864	74	0.666	1.047
freq:vocative	Chukchi	1.1222	3208	36	0.812	1.55
freq:vocative	Czech	0.4777	4187	20	0.309	0.737
freq:vocative	English	0.0535	35538	19	0.034	0.083
freq:vocative	Esperanto	0.0402	2490	1	0.007	0.227
freq:vocative	Finnish	0.0092	10904	1	0.002	0.052
freq:vocative	French	0.1476	4065	6	0.068	0.322
freq:vocative	Frisian_Dutch	0.2108	2846	6	0.097	0.459
freq:vocative	Greek	0.7112	15608	111	0.591	0.856
freq:vocative	Guajajara	0.126	6349	8	0.064	0.248
freq:vocative	Gujarati	0.0806	1240	1	0.014	0.455
freq:vocative	Gwichin	0.3106	322	1	0.055	1.738
freq:vocative	Haitian_Creole	0.0375	2666	1	0.007	0.212
freq:vocative	Hausa	0.3075	33825	104	0.254	0.372
freq:vocative	Highland_Puebla_Nahuatl	0.2738	5478	15	0.166	0.451
freq:vocative	Hittite	0.6524	1073	7	0.316	1.34
freq:vocative	Irish	0.4663	3646	17	0.291	0.745
freq:vocative	Italian	0.0975	5130	5	0.042	0.228
freq:vocative	Javanese	0.4898	9799	48	0.37	0.649
freq:vocative	Karelian	0.0527	1896	1	0.009	0.298
freq:vocative	Kazakh	0.1554	6433	10	0.084	0.286
freq:vocative	Kiche	0.2147	6055	13	0.126	0.367
freq:vocative	Komi_Permyak	0.4525	663	3	0.154	1.322
freq:vocative	Komi_Zyrian	0.2334	6427	15	0.141	0.385
freq:vocative	Korean	0.0687	17465	12	0.039	0.12
freq:vocative	Kyrgyz	0.1302	768	1	0.023	0.734
freq:vocative	Latgalian	1.0	100	1	0.177	5.449
freq:vocative	Latvian	1.0101	99	1	0.179	5.502
freq:vocative	Ligurian	0.1171	5124	6	0.054	0.255
freq:vocative	Lithuanian	0.0617	3244	2	0.017	0.225
freq:vocative	Livvi	0.1065	939	1	0.019	0.601
freq:vocative	Luxembourgish	0.7353	136	1	0.13	4.047
freq:vocative	Macedonian	0.2286	875	2	0.063	0.83
freq:vocative	Madi	1.5385	65	1	0.272	8.213
freq:vocative	Malayalam	0.0646	1549	1	0.011	0.365
freq:vocative	Marathi	1.2309	2356	29	0.858	1.762
freq:vocative	Mbya_Guarani	0.1527	655	1	0.027	0.86
freq:vocative	Middle_French	0.0176	5689	1	0.003	0.1
freq:vocative	Moksha	0.5168	2709	14	0.308	0.866
freq:vocative	Naga	1.6615	1926	32	1.179	2.336
freq:vocative	Neapolitan	0.7143	140	1	0.126	3.935
freq:vocative	Nenets	0.1215	823	1	0.021	0.685
freq:vocative	Northwest_Gbaya	1.826	2081	38	1.333	2.496
freq:vocative	Odia	0.0563	3551	2	0.015	0.205
freq:vocative	Old_English	0.9174	109	1	0.162	5.015
freq:vocative	Old_Georgian	0.0384	5214	2	0.011	0.14
freq:vocative	Old_Irish	0.4594	653	3	0.156	1.342
freq:vocative	Ottoman_Turkish	0.1217	6574	8	0.062	0.24
freq:vocative	Pashto	0.0205	4879	1	0.004	0.116
freq:vocative	Paumari	0.7519	266	2	0.206	2.7
freq:vocative	Pesh	0.2394	2506	6	0.11	0.521
freq:vocative	Polish	0.0075	13279	1	0.001	0.043
freq:vocative	Punjabi	0.0351	2845	1	0.006	0.199
freq:vocative	Romanian	2.6066	3798	99	2.146	3.163
freq:vocative	Ruuli	0.9444	3600	34	0.677	1.317
freq:vocative	Sanskrit	1.251	1279	16	0.771	2.022
freq:vocative	Shanghainese	1.7197	5408	93	1.406	2.102
freq:vocative	Sicilian	0.4261	7979	34	0.305	0.595
freq:vocative	Skolt_Sami	0.5583	1612	9	0.294	1.058
freq:vocative	Spanish_Sign_Language	0.4478	670	3	0.152	1.308
freq:vocative	Swedish	0.0336	8929	3	0.011	0.099
freq:vocative	Swedish_Sign_Language	0.122	820	1	0.022	0.688
freq:vocative	Tagalog	0.1586	1261	2	0.044	0.576
freq:vocative	Tamil	0.0217	9209	2	0.006	0.079
freq:vocative	Teko	0.4824	1451	7	0.234	0.992
freq:vocative	Telugu	0.3854	3373	13	0.225	0.658
freq:vocative	Tswana	0.7042	142	1	0.124	3.881
freq:vocative	Tupinamba	0.6369	2355	15	0.386	1.048
freq:vocative	Turkish	0.0215	23248	5	0.009	0.05
freq:vocative	Umbrian	0.3405	881	3	0.116	0.996
freq:vocative	Uzbek	0.314	8598	27	0.216	0.457
freq:vocative	Vietnamese	0.2922	1369	4	0.114	0.749
freq:vocative	Xavante	0.8507	1058	9	0.448	1.609
freq:vocative	Xibe	0.0459	10903	5	0.02	0.107
freq:vocative	Yakut	0.974	924	9	0.513	1.841
freq:vocative	Yoruba	0.1706	5863	10	0.093	0.314
freq:vocative	Zazaki	0.6165	811	5	0.264	1.435
pos:ADJ	Abaza	3.5276	652	23	2.362	5.238
pos:ADJ	Abkhaz	1.3712	13054	179	1.186	1.586
pos:ADJ	Akkadian	5.4536	1852	101	4.509	6.583
pos:ADJ	Akuntsu	0.3406	1468	5	0.146	0.795
pos:ADJ	Albanian	5.8417	4485	262	5.192	6.567
pos:ADJ	Alemannic	5.8864	1444	85	4.785	7.221
pos:ADJ	Amharic	1.1588	10010	116	0.967	1.388
pos:ADJ	Apurina	0.455	1099	5	0.194	1.061
pos:ADJ	Assamese	5.3961	871	47	4.082	7.102
pos:ADJ	Assyrian	7.064	453	32	5.048	9.802
pos:ADJ	Azerbaijani	5.1535	912	47	3.897	6.786
pos:ADJ	Bambara	0.4992	13823	69	0.395	0.631
pos:ADJ	Bavarian	5.3073	15036	798	4.96	5.677
pos:ADJ	Beja	1.2471	11948	149	1.063	1.462
pos:ADJ	Bengali	4.0625	320	13	2.389	6.826
pos:ADJ	Bhojpuri	3.7359	6665	249	3.307	4.219
pos:ADJ	Bokota	2.2484	2713	61	1.754	2.877
pos:ADJ	Brahui	7.8144	819	64	6.167	9.856
pos:ADJ	Breton	4.3474	10006	435	3.965	4.765
pos:ADJ	Buryat	7.9906	10187	814	7.48	8.533
pos:ADJ	Cantonese	2.68	13918	373	2.424	2.962
pos:ADJ	Cappadocian	1.6606	4938	82	1.34	2.056
pos:ADJ	Cebuano	2.7977	1394	39	2.053	3.802
pos:ADJ	Central_Kurdish	0.915	765	7	0.444	1.877
pos:ADJ	Chinese	5.1474	21914	1128	4.863	5.448
pos:ADJ	Chintang	1.3123	14631	192	1.14	1.51
pos:ADJ	Chukchi	1.5676	6124	96	1.285	1.91
pos:ADJ	Classical_Chinese	3.5494	648	23	2.377	5.27
pos:ADJ	Czech	9.4928	6289	597	8.793	10.242
pos:ADJ	English	6.3162	51993	3284	6.11	6.529
pos:ADJ	Esperanto	8.7646	3343	293	7.853	9.771
pos:ADJ	Faroese	7.5985	10002	760	7.095	8.134
pos:ADJ	Finnish	7.2219	15813	1142	6.829	7.636
pos:ADJ	French	5.8899	5484	323	5.297	6.544
pos:ADJ	Frisian_Dutch	5.7388	3729	214	5.037	6.532
pos:ADJ	Gheg	1.4759	15990	236	1.3	1.675
pos:ADJ	Gorontalo	3.9024	205	8	1.99	7.51
pos:ADJ	Greek	4.0714	21958	894	3.818	4.341
pos:ADJ	Gujarati	7.0557	1885	133	5.985	8.301
pos:ADJ	Gwichin	0.9921	1008	10	0.54	1.816
pos:ADJ	Haitian_Creole	4.4221	3279	145	3.77	5.181
pos:ADJ	Hausa	0.5901	53210	314	0.529	0.659
pos:ADJ	Hebrew	3.1884	8029	256	2.826	3.596
pos:ADJ	Highland_Puebla_Nahuatl	4.203	10088	424	3.829	4.612
pos:ADJ	Hittite	1.6043	1309	21	1.052	2.44
pos:ADJ	Ika	2.9584	5307	157	2.535	3.449
pos:ADJ	Irish	4.3905	4783	210	3.846	5.009
pos:ADJ	Italian	4.5548	6784	309	4.084	5.077
pos:ADJ	Javanese	5.1314	14343	736	4.782	5.505
pos:ADJ	Kaapor	0.2732	366	1	0.048	1.531
pos:ADJ	Kadiweu	1.8868	318	6	0.868	4.055
pos:ADJ	Kangri	5.1313	2514	129	4.335	6.064
pos:ADJ	Karelian	6.9813	3094	216	6.136	7.934
pos:ADJ	Karo	10.263	2319	238	9.093	11.565
pos:ADJ	Kazakh	7.8493	10536	827	7.351	8.378
pos:ADJ	Kiche	3.3057	10013	331	2.973	3.674
pos:ADJ	Komi_Permyak	3.3015	1151	38	2.415	4.499
pos:ADJ	Komi_Zyrian	5.6925	10505	598	5.265	6.152
pos:ADJ	Korean	4.6131	30240	1395	4.382	4.855
pos:ADJ	Kyrgyz	4.96	1250	62	3.888	6.308
pos:ADJ	Latgalian	2.3529	170	4	0.919	5.893
pos:ADJ	Latvian	2.381	168	4	0.93	5.961
pos:ADJ	Ligurian	3.1611	6928	219	2.774	3.6
pos:ADJ	Lithuanian	7.7296	5356	414	7.044	8.476
pos:ADJ	Livvi	6.1275	1632	100	5.064	7.397
pos:ADJ	Luxembourgish	2.4272	206	5	1.041	5.555
pos:ADJ	Macedonian	3.2353	1360	44	2.419	4.315
pos:ADJ	Malayalam	9.5714	2403	230	8.459	10.813
pos:ADJ	Marathi	3.1453	3847	121	2.639	3.745
pos:ADJ	Mbya_Guarani	0.5311	1318	7	0.258	1.092
pos:ADJ	Middle_Armenian	3.3852	1093	37	2.466	4.631
pos:ADJ	Middle_French	3.642	7084	258	3.23	4.104
pos:ADJ	Moksha	5.154	4579	236	4.55	5.833
pos:ADJ	Munduruku	0.3914	1022	4	0.152	1.002
pos:ADJ	Naga	1.633	3123	51	1.244	2.141
pos:ADJ	Neapolitan	4.4776	201	9	2.373	8.289
pos:ADJ	Nenets	3.695	1272	47	2.79	4.879
pos:ADJ	Nepali	3.1211	801	25	2.123	4.567
pos:ADJ	Northern_Kurdish	4.2792	10259	439	3.904	4.688
pos:ADJ	Northwest_Gbaya	3.0089	2692	81	2.428	3.724
pos:ADJ	Odia	7.494	5818	436	6.845	8.199
pos:ADJ	Old_English	2.3392	171	4	0.913	5.859
pos:ADJ	Old_French	1.7599	15285	269	1.563	1.981
pos:ADJ	Old_Georgian	5.1424	6884	354	4.645	5.69
pos:ADJ	Old_Irish	6.1916	856	53	4.765	8.01
pos:ADJ	Old_Turkish	0.6329	158	1	0.112	3.498
pos:ADJ	Ottoman_Turkish	8.5583	9780	837	8.02	9.129
pos:ADJ	Pashto	10.1399	6647	674	9.437	10.889
pos:ADJ	Paumari	2.9762	504	15	1.812	4.852
pos:ADJ	Phrygian	1.5617	1921	30	1.096	2.221
pos:ADJ	Polish	12.8427	18384	2361	12.367	13.334
pos:ADJ	Punjabi	6.1155	3810	233	5.398	6.921
pos:ADJ	Romanian	4.9321	5231	258	4.378	5.553
pos:ADJ	Ruuli	1.587	6301	100	1.307	1.926
pos:ADJ	Sanskrit	6.1313	1843	113	5.125	7.32
pos:ADJ	Shanghainese	4.0075	8584	344	3.613	4.443
pos:ADJ	Sicilian	3.4541	11204	387	3.132	3.809
pos:ADJ	Sinhala	5.8748	1549	91	4.809	7.159
pos:ADJ	Skolt_Sami	1.3119	3049	40	0.965	1.781
pos:ADJ	South_Levantine_Arabic	5.8302	789	46	4.399	7.689
pos:ADJ	Southern_Kurdish	1.1276	1685	19	0.723	1.754
pos:ADJ	Spanish	2.1801	8073	176	1.884	2.522
pos:ADJ	Spanish_Sign_Language	6.1019	1393	85	4.962	7.484
pos:ADJ	Swedish	8.0512	11402	918	7.566	8.565
pos:ADJ	Swedish_Sign_Language	3.4161	1610	55	2.634	4.42
pos:ADJ	Tagalog	4.5877	1831	84	3.721	5.645
pos:ADJ	Tamil	4.8746	12165	593	4.506	5.272
pos:ADJ	Tatar	8.5526	2280	195	7.473	9.771
pos:ADJ	Telugu	0.9899	6465	64	0.776	1.262
pos:ADJ	Telugu_English	1.9737	456	9	1.042	3.708
pos:ADJ	Tswana	1.8692	214	4	0.729	4.707
pos:ADJ	Turkish	7.205	34962	2519	6.939	7.481
pos:ADJ	Turkish_English	8.6168	441	38	6.342	11.606
pos:ADJ	Umbrian	14.8021	1162	172	12.876	16.96
pos:ADJ	Upper_Sorbian	12.7071	11167	1419	12.102	13.338
pos:ADJ	Uzbek	7.3421	14451	1061	6.928	7.779
pos:ADJ	Veps	5.9862	1303	78	4.823	7.408
pos:ADJ	Vietnamese	4.3432	1888	82	3.513	5.359
pos:ADJ	Warlpiri	2.5397	315	8	1.292	4.931
pos:ADJ	Wolof	0.0271	44258	12	0.016	0.047
pos:ADJ	Xavante	0.0893	2239	2	0.024	0.325
pos:ADJ	Xibe	6.4152	15401	988	6.039	6.813
pos:ADJ	Yakut	5.9589	1460	87	4.856	7.293
pos:ADJ	Yoruba	2.3414	8243	193	2.036	2.691
pos:ADJ	Zazaki	1.1797	1441	17	0.738	1.881
pos:ADP	Abaza	1.6871	652	11	0.945	2.996
pos:ADP	Abkhaz	2.6122	13054	341	2.352	2.9
pos:ADP	Akkadian	9.5032	1852	176	8.25	10.924
pos:ADP	Akuntsu	1.4986	1468	22	0.992	2.259
pos:ADP	Albanian	7.4693	4485	335	6.736	8.276
pos:ADP	Alemannic	9.5568	1444	138	8.146	11.182
pos:ADP	Amharic	6.7932	10010	680	6.317	7.303
pos:ADP	Apurina	0.546	1099	6	0.25	1.186
pos:ADP	Assamese	2.0666	871	18	1.311	3.243
pos:ADP	Assyrian	8.3885	453	38	6.172	11.304
pos:ADP	Azerbaijani	1.2061	912	11	0.675	2.147
pos:ADP	Bambara	7.4731	13823	1033	7.046	7.923
pos:ADP	Bavarian	9.424	15036	1417	8.967	9.901
pos:ADP	Beja	6.4195	11948	767	5.994	6.873
pos:ADP	Bengali	0.625	320	2	0.172	2.25
pos:ADP	Bhojpuri	14.8387	6665	989	14.006	15.712
pos:ADP	Bokota	6.5241	2713	177	5.655	7.516
pos:ADP	Brahui	9.1575	819	75	7.368	11.328
pos:ADP	Breton	11.0334	10006	1104	10.434	11.662
pos:ADP	Buryat	1.7768	10187	181	1.538	2.052
pos:ADP	Cantonese	1.631	13918	227	1.434	1.855
pos:ADP	Cappadocian	5.5083	4938	272	4.906	6.18
pos:ADP	Cebuano	15.4232	1394	215	13.623	17.414
pos:ADP	Central_Kurdish	7.8431	765	60	6.142	9.966
pos:ADP	Chinese	4.1526	21914	910	3.896	4.425
pos:ADP	Chintang	0.663	14631	97	0.544	0.808
pos:ADP	Chukchi	0.3756	6124	23	0.25	0.563
pos:ADP	Classical_Chinese	1.3889	648	9	0.732	2.618
pos:ADP	Czech	8.7136	6289	548	8.042	9.436
pos:ADP	English	8.1934	51993	4260	7.961	8.432
pos:ADP	Esperanto	11.3072	3343	378	10.278	12.425
pos:ADP	Faroese	12.2575	10002	1226	11.629	12.915
pos:ADP	Finnish	2.0173	15813	319	1.81	2.248
pos:ADP	French	12.4179	5484	681	11.571	13.317
pos:ADP	Frisian_Dutch	11.7994	3729	440	10.803	12.874
pos:ADP	Gheg	6.1726	15990	987	5.81	6.556
pos:ADP	Gorontalo	21.9512	205	45	16.83	28.105
pos:ADP	Greek	5.7473	21958	1262	5.447	6.063
pos:ADP	Guajajara	7.762	9160	711	7.232	8.328
pos:ADP	Guarani	10.1382	217	22	6.791	14.872
pos:ADP	Gujarati	8.0637	1885	152	6.918	9.38
pos:ADP	Gwichin	4.0675	1008	41	3.012	5.471
pos:ADP	Haitian_Creole	10.43	3279	342	9.43	11.523
pos:ADP	Hausa	4.9239	53210	2620	4.743	5.111
pos:ADP	Hebrew	14.9085	8029	1197	14.146	15.704
pos:ADP	Highland_Puebla_Nahuatl	1.9925	10088	201	1.737	2.284
pos:ADP	Hittite	3.7433	1309	49	2.843	4.914
pos:ADP	Ika	5.1253	5307	272	4.564	5.752
pos:ADP	Irish	15.3042	4783	732	14.312	16.352
pos:ADP	Italian	8.8001	6784	597	8.149	9.498
pos:ADP	Javanese	5.2151	14343	748	4.863	5.591
pos:ADP	Kaapor	2.459	366	9	1.299	4.607
pos:ADP	Kangri	12.4503	2514	313	11.217	13.798
pos:ADP	Karelian	1.5514	3094	48	1.172	2.051
pos:ADP	Karo	3.5791	2319	83	2.897	4.415
pos:ADP	Kazakh	1.661	10536	175	1.434	1.923
pos:ADP	Kiche	4.8537	10013	486	4.45	5.292
pos:ADP	Komi_Permyak	1.7376	1151	20	1.128	2.669
pos:ADP	Komi_Zyrian	3.189	10505	335	2.87	3.542
pos:ADP	Korean	0.1257	30240	38	0.092	0.172
pos:ADP	Kyrgyz	1.52	1250	19	0.975	2.362
pos:ADP	Latgalian	1.7647	170	3	0.602	5.059
pos:ADP	Latvian	1.7857	168	3	0.609	5.118
pos:ADP	Ligurian	13.0485	6928	904	12.276	13.862
pos:ADP	Lithuanian	3.6034	5356	193	3.137	4.137
pos:ADP	Livvi	0.674	1632	11	0.377	1.203
pos:ADP	Luxembourgish	2.9126	206	6	1.342	6.208
pos:ADP	Macedonian	6.25	1360	85	5.083	7.664
pos:ADP	Makurap	3.3708	178	6	1.554	7.158
pos:ADP	Malayalam	1.5814	2403	38	1.154	2.163
pos:ADP	Marathi	7.5903	3847	292	6.795	8.47
pos:ADP	Mbya_Guarani	5.9181	1318	78	4.768	7.325
pos:ADP	Middle_Armenian	10.979	1093	120	9.26	12.971
pos:ADP	Middle_French	14.4833	7084	1026	13.683	15.322
pos:ADP	Moksha	2.3804	4579	109	1.977	2.863
pos:ADP	Munduruku	11.1546	1022	114	9.368	13.232
pos:ADP	Naga	0.8966	3123	28	0.621	1.293
pos:ADP	Neapolitan	7.4627	201	15	4.574	11.946
pos:ADP	Nenets	7.1541	1272	91	5.863	8.703
pos:ADP	Nepali	0.6242	801	5	0.267	1.453
pos:ADP	Northern_Kurdish	16.4831	10259	1691	15.778	17.214
pos:ADP	Northwest_Gbaya	7.7637	2692	209	6.812	8.836
pos:ADP	Odia	2.647	5818	154	2.265	3.092
pos:ADP	Old_English	3.5088	171	6	1.618	7.443
pos:ADP	Old_French	11.1809	15285	1709	10.691	11.69
pos:ADP	Old_Georgian	6.5369	6884	450	5.977	7.145
pos:ADP	Old_Irish	10.0467	856	86	8.208	12.243
pos:ADP	Old_Turkish	7.5949	158	12	4.398	12.805
pos:ADP	Ottoman_Turkish	2.3006	9780	225	2.022	2.617
pos:ADP	Pashto	15.0594	6647	1001	14.22	15.939
pos:ADP	Paumari	0.5952	504	3	0.203	1.735
pos:ADP	Pesh	6.1287	4275	262	5.448	6.888
pos:ADP	Phrygian	3.6439	1921	70	2.894	4.579
pos:ADP	Polish	11.1401	18384	2048	10.693	11.603
pos:ADP	Punjabi	11.5748	3810	441	10.597	12.63
pos:ADP	Romanian	10.2657	5231	537	9.472	11.118
pos:ADP	Ruuli	3.6185	6301	228	3.185	4.109
pos:ADP	Sanskrit	0.3256	1843	6	0.149	0.708
pos:ADP	Shanghainese	1.6426	8584	141	1.395	1.934
pos:ADP	Sicilian	9.3538	11204	1048	8.828	9.907
pos:ADP	Sinhala	2.4532	1549	38	1.792	3.349
pos:ADP	Skolt_Sami	0.9183	3049	28	0.636	1.324
pos:ADP	South_Levantine_Arabic	10.7731	789	85	8.797	13.13
pos:ADP	Southern_Kurdish	8.1306	1685	137	6.919	9.533
pos:ADP	Spanish	8.1754	8073	660	7.597	8.793
pos:ADP	Spanish_Sign_Language	0.5743	1393	8	0.291	1.129
pos:ADP	Swedish	8.9984	11402	1026	8.487	9.538
pos:ADP	Swedish_Sign_Language	1.4907	1610	24	1.004	2.209
pos:ADP	Tagalog	19.8252	1831	363	18.063	21.714
pos:ADP	Tamil	2.984	12165	363	2.696	3.301
pos:ADP	Tatar	2.9825	2280	68	2.359	3.764
pos:ADP	Teko	5.145	2896	149	4.398	6.011
pos:ADP	Telugu	0.8971	6465	58	0.695	1.158
pos:ADP	Telugu_English	1.3158	456	6	0.604	2.841
pos:ADP	Tupinamba	6.3221	4508	285	5.648	7.07
pos:ADP	Turkish	3.2321	34962	1130	3.052	3.423
pos:ADP	Turkish_English	2.4943	441	11	1.398	4.411
pos:ADP	Umbrian	8.1756	1162	95	6.735	9.892
pos:ADP	Upper_Sorbian	9.8146	11167	1096	9.277	10.38
pos:ADP	Uzbek	2.1936	14451	317	1.967	2.445
pos:ADP	Veps	1.4582	1303	19	0.935	2.266
pos:ADP	Vietnamese	8.4746	1888	160	7.301	9.817
pos:ADP	Warlpiri	0.3175	315	1	0.056	1.776
pos:ADP	Wolof	6.9072	44258	3057	6.675	7.147
pos:ADP	Xavante	8.2626	2239	185	7.192	9.476
pos:ADP	Xibe	12.0771	15401	1860	11.572	12.601
pos:ADP	Yakut	0.2055	1460	3	0.07	0.602
pos:ADP	Yoruba	8.3829	8243	691	7.804	9.001
pos:ADP	Zazaki	12.9077	1441	186	11.275	14.738
pos:ADV	Abaza	6.4417	652	42	4.801	8.593
pos:ADV	Abkhaz	6.6033	13054	862	6.19	7.042
pos:ADV	Akkadian	1.7279	1852	32	1.227	2.429
pos:ADV	Akuntsu	4.4959	1468	66	3.549	5.68
pos:ADV	Albanian	4.5931	4485	206	4.018	5.246
pos:ADV	Alemannic	9.9723	1444	144	8.531	11.626
pos:ADV	Amharic	0.9391	10010	94	0.768	1.148
pos:ADV	Apurina	6.6424	1099	73	5.316	8.271
pos:ADV	Assamese	5.8553	871	51	4.481	7.617
pos:ADV	Assyrian	3.532	453	16	2.186	5.66
pos:ADV	Azerbaijani	3.6184	912	33	2.588	5.038
pos:ADV	Bambara	1.3166	13823	182	1.14	1.521
pos:ADV	Bavarian	8.0274	15036	1207	7.604	8.473
pos:ADV	Beja	1.607	11948	192	1.397	1.848
pos:ADV	Bengali	4.0625	320	13	2.389	6.826
pos:ADV	Bhojpuri	0.4651	6665	31	0.328	0.659
pos:ADV	Bokota	7.1508	2713	194	6.241	8.182
pos:ADV	Brahui	5.4945	819	45	4.131	7.273
pos:ADV	Breton	5.4567	10006	546	5.029	5.919
pos:ADV	Buryat	7.6176	10187	776	7.118	8.149
pos:ADV	Cantonese	11.3378	13918	1578	10.822	11.875
pos:ADV	Cappadocian	4.6375	4938	229	4.085	5.26
pos:ADV	Cebuano	5.4519	1394	76	4.378	6.771
pos:ADV	Central_Kurdish	9.1503	765	70	7.306	11.403
pos:ADV	Chinese	9.0444	21914	1982	8.672	9.431
pos:ADV	Chintang	6.0488	14631	885	5.674	6.447
pos:ADV	Chukchi	12.9001	6124	790	12.084	13.763
pos:ADV	Classical_Chinese	10.9568	648	71	8.778	13.596
pos:ADV	Czech	6.408	6289	403	5.829	7.04
pos:ADV	English	4.7199	51993	2454	4.541	4.906
pos:ADV	Esperanto	6.5211	3343	218	5.733	7.409
pos:ADV	Faroese	4.2591	10002	426	3.881	4.673
pos:ADV	Finnish	6.1026	15813	965	5.74	6.486
pos:ADV	French	5.7805	5484	317	5.193	6.43
pos:ADV	Frisian_Dutch	12.2821	3729	458	11.267	13.375
pos:ADV	Gheg	7.8236	15990	1251	7.417	8.25
pos:ADV	Gorontalo	4.3902	205	9	2.327	8.132
pos:ADV	Greek	5.4741	21958	1202	5.181	5.783
pos:ADV	Guajajara	4.2249	9160	387	3.832	4.656
pos:ADV	Guarani	6.4516	217	14	3.882	10.537
pos:ADV	Gujarati	3.183	1885	60	2.481	4.076
pos:ADV	Gwichin	3.9683	1008	40	2.928	5.358
pos:ADV	Haitian_Creole	3.4462	3279	113	2.874	4.127
pos:ADV	Hausa	4.5687	53210	2431	4.395	4.749
pos:ADV	Hebrew	5.4179	8029	435	4.944	5.935
pos:ADV	Highland_Puebla_Nahuatl	13.5607	10088	1368	12.906	14.243
pos:ADV	Hittite	5.5768	1309	73	4.459	6.955
pos:ADV	Ika	5.3137	5307	282	4.742	5.95
pos:ADV	Irish	2.4671	4783	118	2.064	2.946
pos:ADV	Italian	5.7636	6784	391	5.234	6.344
pos:ADV	Javanese	5.5637	14343	798	5.2	5.951
pos:ADV	Kaapor	10.1093	366	37	7.424	13.624
pos:ADV	Kadiweu	1.5723	318	5	0.673	3.627
pos:ADV	Kangri	3.6993	2514	93	3.029	4.511
pos:ADV	Karelian	5.85	3094	181	5.077	6.733
pos:ADV	Karo	4.226	2319	98	3.48	5.123
pos:ADV	Kazakh	2.8853	10536	304	2.582	3.223
pos:ADV	Kiche	3.9349	10013	394	3.571	4.334
pos:ADV	Komi_Permyak	8.8619	1151	102	7.354	10.643
pos:ADV	Komi_Zyrian	10.4331	10505	1096	9.863	11.032
pos:ADV	Korean	7.2057	30240	2179	6.92	7.503
pos:ADV	Kyrgyz	5.2	1250	65	4.101	6.574
pos:ADV	Latgalian	4.7059	170	8	2.404	9.01
pos:ADV	Latvian	4.7619	168	8	2.432	9.114
pos:ADV	Ligurian	6.6253	6928	459	6.063	7.235
pos:ADV	Lithuanian	5.9933	5356	321	5.389	6.661
pos:ADV	Livvi	6.3725	1632	104	5.287	7.663
pos:ADV	Luxembourgish	2.4272	206	5	1.041	5.555
pos:ADV	Macedonian	4.1912	1360	57	3.249	5.392
pos:ADV	Madi	2.6087	115	3	0.891	7.39
pos:ADV	Makurap	14.6067	178	26	10.167	20.542
pos:ADV	Malayalam	4.1199	2403	99	3.396	4.99
pos:ADV	Marathi	5.0689	3847	195	4.419	5.808
pos:ADV	Mbya_Guarani	5.6904	1318	75	4.564	7.075
pos:ADV	Middle_Armenian	2.6532	1093	29	1.854	3.785
pos:ADV	Middle_French	5.6748	7084	402	5.16	6.238
pos:ADV	Moksha	9.7401	4579	446	8.915	10.633
pos:ADV	Munduruku	4.2074	1022	43	3.138	5.619
pos:ADV	Naga	6.18	3123	193	5.388	7.079
pos:ADV	Neapolitan	6.9652	201	14	4.194	11.35
pos:ADV	Nenets	11.2421	1272	143	9.622	13.096
pos:ADV	Nepali	7.8652	801	63	6.196	9.937
pos:ADV	Northern_Kurdish	2.4174	10259	248	2.138	2.733
pos:ADV	Northwest_Gbaya	6.315	2692	170	5.457	7.298
pos:ADV	Odia	2.6641	5818	155	2.281	3.11
pos:ADV	Old_English	3.5088	171	6	1.618	7.443
pos:ADV	Old_French	6.0582	15285	926	5.691	6.448
pos:ADV	Old_Georgian	5.9558	6884	410	5.421	6.54
pos:ADV	Old_Irish	8.2944	856	71	6.628	10.334
pos:ADV	Old_Turkish	0.6329	158	1	0.112	3.498
pos:ADV	Ottoman_Turkish	4.8262	9780	472	4.419	5.269
pos:ADV	Pashto	4.423	6647	294	3.955	4.944
pos:ADV	Paumari	3.5714	504	18	2.271	5.574
pos:ADV	Pesh	3.2982	4275	141	2.803	3.877
pos:ADV	Phrygian	1.3535	1921	26	0.925	1.976
pos:ADV	Polish	2.698	18384	496	2.473	2.942
pos:ADV	Punjabi	7.4278	3810	283	6.637	8.304
pos:ADV	Romanian	6.3468	5231	332	5.718	7.04
pos:ADV	Ruuli	8.8557	6301	558	8.179	9.583
pos:ADV	Sanskrit	10.5263	1843	194	9.206	12.01
pos:ADV	Shanghainese	6.9199	8584	594	6.402	7.476
pos:ADV	Sicilian	6.3102	11204	707	5.875	6.776
pos:ADV	Sinhala	3.4216	1549	53	2.625	4.448
pos:ADV	Skolt_Sami	10.1017	3049	308	9.082	11.222
pos:ADV	South_Levantine_Arabic	3.929	789	31	2.782	5.523
pos:ADV	Southern_Kurdish	9.4362	1685	159	8.131	10.926
pos:ADV	Spanish	8.6833	8073	701	8.088	9.317
pos:ADV	Spanish_Sign_Language	7.107	1393	99	5.872	8.578
pos:ADV	Swedish	7.0426	11402	803	6.587	7.527
pos:ADV	Swedish_Sign_Language	7.3913	1610	119	6.212	8.773
pos:ADV	Tagalog	3.7684	1831	69	2.989	4.742
pos:ADV	Tamil	4.4801	12165	545	4.127	4.862
pos:ADV	Tatar	3.6404	2280	83	2.946	4.49
pos:ADV	Teko	9.1506	2896	265	8.154	10.255
pos:ADV	Telugu	4.0062	6465	259	3.555	4.512
pos:ADV	Telugu_English	3.0702	456	14	1.837	5.087
pos:ADV	Tswana	5.6075	214	12	3.236	9.544
pos:ADV	Tupinamba	7.4312	4508	335	6.701	8.234
pos:ADV	Turkish	5.5432	34962	1938	5.308	5.788
pos:ADV	Turkish_English	8.6168	441	38	6.342	11.606
pos:ADV	Umbrian	5.7659	1162	67	4.566	7.258
pos:ADV	Upper_Sorbian	4.7909	11167	535	4.41	5.203
pos:ADV	Uzbek	3.2662	14451	472	2.989	3.569
pos:ADV	Veps	7.9048	1303	103	6.56	9.497
pos:ADV	Vietnamese	9.9047	1888	187	8.638	11.335
pos:ADV	Wolof	3.2627	44258	1444	3.101	3.432
pos:ADV	Xavante	5.0022	2239	112	4.174	5.985
pos:ADV	Xibe	3.9218	15401	604	3.627	4.24
pos:ADV	Yakut	8.0822	1460	118	6.792	9.593
pos:ADV	Yoruba	3.9427	8243	325	3.544	4.385
pos:ADV	Yupik	2.5312	2568	65	1.991	3.213
pos:ADV	Zazaki	6.3845	1441	92	5.235	7.766
pos:AUX	Abaza	0.6135	652	4	0.239	1.567
pos:AUX	Abkhaz	1.1644	13054	152	0.994	1.363
pos:AUX	Akuntsu	2.3842	1468	35	1.719	3.298
pos:AUX	Albanian	3.9019	4485	175	3.374	4.509
pos:AUX	Alemannic	10.5263	1444	152	9.047	12.215
pos:AUX	Amharic	4.1858	10010	419	3.811	4.596
pos:AUX	Apurina	2.2748	1099	25	1.546	3.337
pos:AUX	Assamese	1.2629	871	11	0.707	2.247
pos:AUX	Assyrian	11.2583	453	51	8.667	14.501
pos:AUX	Azerbaijani	3.1798	912	29	2.223	4.529
pos:AUX	Bambara	10.1353	13823	1401	9.643	10.65
pos:AUX	Bavarian	6.1652	15036	927	5.792	6.561
pos:AUX	Beja	2.4104	11948	288	2.15	2.701
pos:AUX	Bengali	1.875	320	6	0.862	4.03
pos:AUX	Bhojpuri	5.3263	6665	355	4.812	5.892
pos:AUX	Bokota	9.6941	2713	263	8.637	10.865
pos:AUX	Brahui	1.3431	819	11	0.752	2.389
pos:AUX	Breton	7.8653	10006	787	7.354	8.409
pos:AUX	Buryat	1.8946	10187	193	1.647	2.178
pos:AUX	Cantonese	3.9373	13918	548	3.627	4.273
pos:AUX	Cappadocian	4.2527	4938	210	3.725	4.852
pos:AUX	Central_Kurdish	0.915	765	7	0.444	1.877
pos:AUX	Chinese	3.71	21914	813	3.468	3.968
pos:AUX	Chintang	0.6151	14631	90	0.501	0.755
pos:AUX	Chukchi	2.1881	6124	134	1.851	2.586
pos:AUX	Classical_Chinese	1.2346	648	8	0.627	2.417
pos:AUX	Czech	2.1625	6289	136	1.831	2.552
pos:AUX	English	5.7085	51993	2968	5.512	5.911
pos:AUX	Esperanto	2.3631	3343	79	1.9	2.935
pos:AUX	Faroese	9.6681	10002	967	9.104	10.263
pos:AUX	Finnish	5.2236	15813	826	4.888	5.581
pos:AUX	French	2.9358	5484	161	2.521	3.417
pos:AUX	Frisian_Dutch	4.3711	3729	163	3.761	5.076
pos:AUX	Gheg	7.217	15990	1154	6.826	7.628
pos:AUX	Greek	5.0597	21958	1111	4.778	5.357
pos:AUX	Guajajara	2.0306	9160	186	1.761	2.34
pos:AUX	Gujarati	9.7613	1885	184	8.502	11.184
pos:AUX	Haitian_Creole	6.1909	3279	203	5.416	7.068
pos:AUX	Hausa	15.4802	53210	8237	15.175	15.79
pos:AUX	Hebrew	1.2206	8029	98	1.003	1.485
pos:AUX	Highland_Puebla_Nahuatl	1.1796	10088	119	0.987	1.41
pos:AUX	Hittite	0.6875	1309	9	0.362	1.302
pos:AUX	Ika	16.45	5307	873	15.477	17.472
pos:AUX	Irish	1.7144	4783	82	1.383	2.123
pos:AUX	Italian	8.7264	6784	592	8.078	9.422
pos:AUX	Javanese	2.3566	14343	338	2.121	2.618
pos:AUX	Kaapor	1.6393	366	6	0.753	3.53
pos:AUX	Kadiweu	0.6289	318	2	0.173	2.264
pos:AUX	Kangri	9.7852	2514	246	8.684	11.009
pos:AUX	Karelian	4.331	3094	134	3.669	5.107
pos:AUX	Karo	7.5032	2319	174	6.5	8.647
pos:AUX	Kazakh	3.4263	10536	361	3.096	3.791
pos:AUX	Kiche	2.2671	10013	227	1.993	2.577
pos:AUX	Komi_Permyak	3.9096	1151	45	2.935	5.191
pos:AUX	Komi_Zyrian	3.5221	10505	370	3.186	3.892
pos:AUX	Korean	3.4325	30240	1038	3.233	3.644
pos:AUX	Kyrgyz	7.04	1250	88	5.75	8.594
pos:AUX	Latgalian	1.7647	170	3	0.602	5.059
pos:AUX	Latvian	2.381	168	4	0.93	5.961
pos:AUX	Ligurian	4.5901	6928	318	4.122	5.109
pos:AUX	Lithuanian	2.0911	5356	112	1.741	2.51
pos:AUX	Livvi	4.2279	1632	69	3.354	5.316
pos:AUX	Luxembourgish	10.1942	206	21	6.765	15.081
pos:AUX	Macedonian	4.5588	1360	62	3.572	5.801
pos:AUX	Madi	11.3043	115	13	6.726	18.384
pos:AUX	Makurap	1.1236	178	2	0.309	4.004
pos:AUX	Malayalam	4.7025	2403	113	3.926	5.624
pos:AUX	Marathi	5.1989	3847	200	4.541	5.946
pos:AUX	Mbya_Guarani	0.1517	1318	2	0.042	0.552
pos:AUX	Middle_Armenian	3.2022	1093	35	2.311	4.421
pos:AUX	Middle_French	4.0655	7084	288	3.63	4.551
pos:AUX	Moksha	3.8	4579	174	3.284	4.394
pos:AUX	Munduruku	1.6634	1022	17	1.041	2.648
pos:AUX	Naga	5.6356	3123	176	4.88	6.5
pos:AUX	Neapolitan	7.4627	201	15	4.574	11.946
pos:AUX	Nenets	0.7075	1272	9	0.373	1.339
pos:AUX	Nepali	1.2484	801	10	0.68	2.283
pos:AUX	Northern_Kurdish	4.2012	10259	431	3.83	4.607
pos:AUX	Northwest_Gbaya	0.9287	2692	25	0.63	1.367
pos:AUX	Odia	0.1719	5818	10	0.093	0.316
pos:AUX	Old_English	6.4327	171	11	3.63	11.15
pos:AUX	Old_French	5.4825	15285	838	5.133	5.855
pos:AUX	Old_Georgian	2.4114	6884	166	2.075	2.801
pos:AUX	Old_Irish	5.7243	856	49	4.357	7.487
pos:AUX	Old_Turkish	15.1899	158	24	10.425	21.607
pos:AUX	Ottoman_Turkish	2.0348	9780	199	1.773	2.334
pos:AUX	Pashto	4.9797	6647	331	4.482	5.529
pos:AUX	Paumari	5.3571	504	27	3.708	7.682
pos:AUX	Pesh	2.7836	4275	119	2.331	3.321
pos:AUX	Phrygian	4.8933	1921	94	4.015	5.951
pos:AUX	Polish	2.5022	18384	460	2.286	2.738
pos:AUX	Punjabi	5.9318	3810	226	5.225	6.727
pos:AUX	Romanian	5.066	5231	265	4.504	5.694
pos:AUX	Ruuli	3.2535	6301	205	2.843	3.721
pos:AUX	Sanskrit	0.8681	1843	16	0.535	1.406
pos:AUX	Shanghainese	4.6948	8584	403	4.267	5.163
pos:AUX	Sicilian	3.3649	11204	377	3.047	3.715
pos:AUX	Sinhala	3.1633	1549	49	2.401	4.157
pos:AUX	Skolt_Sami	5.5756	3049	170	4.816	6.447
pos:AUX	South_Levantine_Arabic	3.1686	789	25	2.155	4.636
pos:AUX	Spanish	3.2578	8073	263	2.892	3.668
pos:AUX	Spanish_Sign_Language	0.1436	1393	2	0.039	0.522
pos:AUX	Swedish	5.9463	11402	678	5.527	6.395
pos:AUX	Swedish_Sign_Language	2.2981	1610	37	1.672	3.152
pos:AUX	Tagalog	0.1092	1831	2	0.03	0.397
pos:AUX	Tamil	5.9186	12165	720	5.513	6.352
pos:AUX	Tatar	1.886	2280	43	1.403	2.531
pos:AUX	Teko	2.2445	2896	65	1.765	2.851
pos:AUX	Tswana	5.6075	214	12	3.236	9.544
pos:AUX	Turkish	3.8013	34962	1329	3.606	4.007
pos:AUX	Turkish_English	2.2676	441	10	1.236	4.123
pos:AUX	Umbrian	1.9793	1162	23	1.323	2.953
pos:AUX	Upper_Sorbian	2.579	11167	288	2.301	2.89
pos:AUX	Uzbek	1.4739	14451	213	1.29	1.684
pos:AUX	Veps	6.9071	1303	90	5.653	8.414
pos:AUX	Vietnamese	4.3962	1888	83	3.56	5.417
pos:AUX	Warlpiri	15.873	315	50	12.252	20.316
pos:AUX	Wolof	8.4708	44258	3749	8.215	8.734
pos:AUX	Xavante	10.6744	2239	239	9.462	12.021
pos:AUX	Xibe	0.7857	15401	121	0.658	0.938
pos:AUX	Yakut	2.0548	1460	30	1.443	2.918
pos:AUX	Yoruba	4.8647	8243	401	4.421	5.351
pos:AUX	Zazaki	2.7759	1441	40	2.045	3.758
pos:CCONJ	Abaza	0.6135	652	4	0.239	1.567
pos:CCONJ	Abkhaz	0.6588	13054	86	0.534	0.813
pos:CCONJ	Akkadian	5.4536	1852	101	4.509	6.583
pos:CCONJ	Albanian	3.4783	4485	156	2.981	4.056
pos:CCONJ	Alemannic	3.2548	1444	47	2.456	4.301
pos:CCONJ	Amharic	0.999	10010	100	0.822	1.213
pos:CCONJ	Apurina	0.273	1099	3	0.093	0.799
pos:CCONJ	Assamese	1.4925	871	13	0.874	2.537
pos:CCONJ	Assyrian	5.5188	453	25	3.766	8.02
pos:CCONJ	Azerbaijani	1.6447	912	15	0.999	2.696
pos:CCONJ	Bambara	0.4847	13823	67	0.382	0.615
pos:CCONJ	Bavarian	2.5206	15036	379	2.282	2.784
pos:CCONJ	Beja	2.8289	11948	338	2.546	3.142
pos:CCONJ	Bhojpuri	2.2656	6665	151	1.935	2.651
pos:CCONJ	Bokota	0.0369	2713	1	0.007	0.209
pos:CCONJ	Brahui	1.8315	819	15	1.113	3.0
pos:CCONJ	Breton	2.0588	10006	206	1.798	2.356
pos:CCONJ	Buryat	0.8148	10187	83	0.658	1.009
pos:CCONJ	Cantonese	0.8837	13918	123	0.741	1.053
pos:CCONJ	Cappadocian	4.2932	4938	212	3.762	4.895
pos:CCONJ	Cebuano	0.8608	1394	12	0.493	1.499
pos:CCONJ	Chinese	1.3644	21914	299	1.219	1.527
pos:CCONJ	Chintang	2.898	14631	424	2.638	3.182
pos:CCONJ	Chukchi	1.8289	6124	112	1.522	2.196
pos:CCONJ	Classical_Chinese	4.0123	648	26	2.753	5.814
pos:CCONJ	Czech	4.325	6289	272	3.85	4.856
pos:CCONJ	English	3.035	51993	1578	2.891	3.186
pos:CCONJ	Esperanto	4.4571	3343	149	3.808	5.21
pos:CCONJ	Faroese	2.9694	10002	297	2.654	3.321
pos:CCONJ	Finnish	3.7691	15813	596	3.483	4.077
pos:CCONJ	French	2.6258	5484	144	2.235	3.083
pos:CCONJ	Frisian_Dutch	4.2639	3729	159	3.661	4.961
pos:CCONJ	Gheg	6.6479	15990	1063	6.272	7.045
pos:CCONJ	Gorontalo	0.9756	205	2	0.268	3.487
pos:CCONJ	Greek	4.8274	21958	1060	4.552	5.119
pos:CCONJ	Guajajara	1.1135	9160	102	0.918	1.35
pos:CCONJ	Gujarati	2.6525	1885	50	2.018	3.48
pos:CCONJ	Gwichin	1.5873	1008	16	0.979	2.563
pos:CCONJ	Haitian_Creole	1.6468	3279	54	1.264	2.142
pos:CCONJ	Hausa	1.6952	53210	902	1.589	1.808
pos:CCONJ	Hebrew	8.1828	8029	657	7.603	8.803
pos:CCONJ	Highland_Puebla_Nahuatl	4.5797	10088	462	4.189	5.005
pos:CCONJ	Hittite	6.7227	1309	88	5.489	8.21
pos:CCONJ	Ika	0.6783	5307	36	0.49	0.938
pos:CCONJ	Irish	4.1397	4783	198	3.611	4.742
pos:CCONJ	Italian	4.0831	6784	277	3.638	4.581
pos:CCONJ	Javanese	2.1334	14343	306	1.909	2.383
pos:CCONJ	Kaapor	1.0929	366	4	0.426	2.776
pos:CCONJ	Kangri	1.074	2514	27	0.739	1.558
pos:CCONJ	Karelian	5.1067	3094	158	4.385	5.94
pos:CCONJ	Kazakh	1.7749	10536	187	1.54	2.045
pos:CCONJ	Kiche	0.3995	10013	40	0.294	0.543
pos:CCONJ	Komi_Permyak	3.8228	1151	44	2.86	5.093
pos:CCONJ	Komi_Zyrian	4.3789	10505	460	4.004	4.787
pos:CCONJ	Korean	2.0635	30240	624	1.909	2.23
pos:CCONJ	Kyrgyz	1.2	1250	15	0.729	1.97
pos:CCONJ	Latgalian	5.8824	170	10	3.226	10.488
pos:CCONJ	Latvian	5.9524	168	10	3.265	10.609
pos:CCONJ	Ligurian	3.4642	6928	240	3.059	3.921
pos:CCONJ	Lithuanian	5.8066	5356	311	5.211	6.465
pos:CCONJ	Livvi	4.3505	1632	71	3.463	5.452
pos:CCONJ	Luxembourgish	5.3398	206	11	3.007	9.307
pos:CCONJ	Macedonian	6.3971	1360	87	5.215	7.824
pos:CCONJ	Makurap	2.2472	178	4	0.877	5.635
pos:CCONJ	Malayalam	3.8702	2403	93	3.17	4.718
pos:CCONJ	Marathi	1.6376	3847	63	1.282	2.09
pos:CCONJ	Mbya_Guarani	2.0486	1318	27	1.412	2.964
pos:CCONJ	Middle_Armenian	11.3449	1093	124	9.599	13.362
pos:CCONJ	Middle_French	6.3382	7084	449	5.794	6.93
pos:CCONJ	Moksha	3.5597	4579	163	3.061	4.137
pos:CCONJ	Munduruku	0.1957	1022	2	0.054	0.711
pos:CCONJ	Naga	0.7365	3123	23	0.491	1.103
pos:CCONJ	Neapolitan	5.4726	201	11	3.083	9.532
pos:CCONJ	Nepali	5.2434	801	42	3.902	7.012
pos:CCONJ	Northern_Kurdish	3.5579	10259	365	3.216	3.934
pos:CCONJ	Northwest_Gbaya	8.9153	2692	240	7.897	10.051
pos:CCONJ	Odia	2.6985	5818	157	2.312	3.147
pos:CCONJ	Old_English	5.848	171	10	3.207	10.429
pos:CCONJ	Old_French	5.0507	15285	772	4.715	5.409
pos:CCONJ	Old_Georgian	8.6432	6884	595	8.002	9.33
pos:CCONJ	Old_Irish	1.986	856	17	1.244	3.157
pos:CCONJ	Old_Turkish	0.6329	158	1	0.112	3.498
pos:CCONJ	Ottoman_Turkish	2.9959	9780	293	2.676	3.353
pos:CCONJ	Pashto	4.2726	6647	284	3.812	4.786
pos:CCONJ	Pesh	0.2807	4275	12	0.161	0.49
pos:CCONJ	Phrygian	6.1947	1921	119	5.202	7.363
pos:CCONJ	Polish	3.1168	18384	573	2.875	3.378
pos:CCONJ	Punjabi	2.7297	3810	104	2.258	3.297
pos:CCONJ	Romanian	3.1352	5231	164	2.696	3.643
pos:CCONJ	Ruuli	2.4917	6301	157	2.135	2.906
pos:CCONJ	Sanskrit	1.7906	1843	33	1.278	2.504
pos:CCONJ	Shanghainese	0.1747	8584	15	0.106	0.288
pos:CCONJ	Sicilian	3.7397	11204	419	3.404	4.107
pos:CCONJ	Sinhala	0.3873	1549	6	0.178	0.843
pos:CCONJ	Skolt_Sami	5.838	3049	178	5.06	6.727
pos:CCONJ	South_Levantine_Arabic	3.0418	789	24	2.052	4.486
pos:CCONJ	Southern_Kurdish	0.178	1685	3	0.061	0.522
pos:CCONJ	Spanish	5.2768	8073	426	4.81	5.786
pos:CCONJ	Spanish_Sign_Language	0.1436	1393	2	0.039	0.522
pos:CCONJ	Swedish	4.8062	11402	548	4.429	5.214
pos:CCONJ	Swedish_Sign_Language	0.8075	1610	13	0.472	1.377
pos:CCONJ	Tagalog	1.2561	1831	23	0.838	1.878
pos:CCONJ	Tamil	0.3864	12165	47	0.291	0.513
pos:CCONJ	Tatar	2.3246	2280	53	1.782	3.028
pos:CCONJ	Teko	0.3108	2896	9	0.164	0.59
pos:CCONJ	Telugu	0.2011	6465	13	0.118	0.344
pos:CCONJ	Tswana	3.7383	214	8	1.906	7.202
pos:CCONJ	Tupinamba	0.1331	4508	6	0.061	0.29
pos:CCONJ	Turkish	2.005	34962	701	1.863	2.157
pos:CCONJ	Turkish_English	2.9478	441	13	1.731	4.978
pos:CCONJ	Umbrian	1.6351	1162	19	1.049	2.54
pos:CCONJ	Upper_Sorbian	3.7879	11167	423	3.449	4.158
pos:CCONJ	Uzbek	1.4393	14451	208	1.258	1.647
pos:CCONJ	Veps	4.6048	1303	60	3.594	5.882
pos:CCONJ	Vietnamese	2.3305	1888	44	1.741	3.114
pos:CCONJ	Wolof	3.0842	44258	1365	2.927	3.249
pos:CCONJ	Xibe	0.6558	15401	101	0.54	0.796
pos:CCONJ	Yakut	2.4658	1460	36	1.786	3.395
pos:CCONJ	Yoruba	4.2218	8243	348	3.809	4.678
pos:CCONJ	Yupik	0.1558	2568	4	0.061	0.4
pos:CCONJ	Zazaki	0.4164	1441	6	0.191	0.905
pos:DET	Abaza	1.3804	652	9	0.728	2.602
pos:DET	Akkadian	0.54	1852	10	0.294	0.991
pos:DET	Akuntsu	3.0654	1468	45	2.299	4.077
pos:DET	Albanian	9.2531	4485	415	8.44	10.136
pos:DET	Alemannic	9.349	1444	135	7.953	10.96
pos:DET	Amharic	4.8152	10010	482	4.413	5.252
pos:DET	Apurina	1.2739	1099	14	0.76	2.127
pos:DET	Assamese	2.8703	871	25	1.952	4.203
pos:DET	Assyrian	3.532	453	16	2.186	5.66
pos:DET	Azerbaijani	1.3158	912	12	0.754	2.286
pos:DET	Bambara	3.6461	13823	504	3.346	3.972
pos:DET	Bavarian	13.0221	15036	1958	12.494	13.569
pos:DET	Beja	14.5296	11948	1736	13.909	15.173
pos:DET	Bengali	4.375	320	14	2.624	7.209
pos:DET	Bhojpuri	5.2963	6665	353	4.784	5.86
pos:DET	Bokota	0.8109	2713	22	0.536	1.225
pos:DET	Brahui	4.3956	819	36	3.192	6.025
pos:DET	Breton	12.0128	10006	1202	11.39	12.664
pos:DET	Buryat	1.4921	10187	152	1.274	1.746
pos:DET	Cantonese	2.3782	13918	331	2.138	2.645
pos:DET	Cappadocian	14.7226	4938	727	13.762	15.738
pos:DET	Cebuano	0.7891	1394	11	0.441	1.407
pos:DET	Central_Kurdish	3.6601	765	28	2.544	5.239
pos:DET	Chinese	1.944	21914	426	1.769	2.135
pos:DET	Chintang	3.0893	14631	452	2.821	3.382
pos:DET	Chukchi	0.7185	6124	44	0.536	0.963
pos:DET	Classical_Chinese	0.463	648	3	0.158	1.352
pos:DET	Czech	4.5953	6289	289	4.105	5.141
pos:DET	English	7.9049	51993	4110	7.676	8.14
pos:DET	Esperanto	7.7475	3343	259	6.889	8.703
pos:DET	Faroese	1.8596	10002	186	1.613	2.143
pos:DET	French	14.0591	5484	771	13.164	15.004
pos:DET	Frisian_Dutch	9.5736	3729	357	8.67	10.56
pos:DET	Gheg	4.6904	15990	750	4.373	5.029
pos:DET	Gorontalo	6.3415	205	13	3.743	10.546
pos:DET	Greek	15.3019	21958	3360	14.832	15.784
pos:DET	Guajajara	1.1026	9160	101	0.908	1.338
pos:DET	Guarani	1.3825	217	3	0.471	3.985
pos:DET	Gujarati	1.2202	1885	23	0.814	1.824
pos:DET	Gwichin	0.496	1008	5	0.212	1.156
pos:DET	Haitian_Creole	8.5697	3279	281	7.659	9.577
pos:DET	Hausa	2.0804	53210	1107	1.963	2.205
pos:DET	Hebrew	7.9213	8029	636	7.35	8.532
pos:DET	Highland_Puebla_Nahuatl	4.887	10088	493	4.483	5.325
pos:DET	Hittite	1.2223	1309	16	0.754	1.976
pos:DET	Ika	1.0175	5307	54	0.781	1.325
pos:DET	Irish	9.4501	4783	452	8.653	10.312
pos:DET	Italian	15.0796	6784	1023	14.248	15.951
pos:DET	Javanese	4.8804	14343	700	4.54	5.245
pos:DET	Kaapor	0.8197	366	3	0.279	2.382
pos:DET	Kadiweu	10.3774	318	33	7.485	14.215
pos:DET	Kangri	2.3071	2514	58	1.789	2.971
pos:DET	Kazakh	2.0881	10536	220	1.832	2.379
pos:DET	Kiche	13.9519	10013	1397	13.287	14.644
pos:DET	Komi_Permyak	0.5213	1151	6	0.239	1.133
pos:DET	Komi_Zyrian	0.5807	10505	61	0.452	0.745
pos:DET	Korean	2.3512	30240	711	2.186	2.528
pos:DET	Kyrgyz	1.28	1250	16	0.789	2.069
pos:DET	Latgalian	4.7059	170	8	2.404	9.01
pos:DET	Latvian	5.3571	168	9	2.844	9.867
pos:DET	Ligurian	12.2691	6928	850	11.517	13.063
pos:DET	Lithuanian	3.0993	5356	166	2.668	3.598
pos:DET	Luxembourgish	15.0485	206	31	10.809	20.568
pos:DET	Macedonian	1.4706	1360	20	0.954	2.261
pos:DET	Makurap	3.9326	178	7	1.918	7.894
pos:DET	Malayalam	1.623	2403	39	1.19	2.211
pos:DET	Marathi	2.9633	3847	114	2.473	3.548
pos:DET	Mbya_Guarani	0.8346	1318	11	0.467	1.488
pos:DET	Middle_Armenian	3.3852	1093	37	2.466	4.631
pos:DET	Middle_French	11.8577	7084	840	11.125	12.631
pos:DET	Moksha	0.9172	4579	42	0.679	1.237
pos:DET	Munduruku	0.5871	1022	6	0.269	1.275
pos:DET	Naga	4.2907	3123	134	3.634	5.059
pos:DET	Neapolitan	11.9403	201	24	8.157	17.152
pos:DET	Nenets	0.8648	1272	11	0.484	1.542
pos:DET	Nepali	4.1199	801	33	2.948	5.729
pos:DET	Northern_Kurdish	2.1737	10259	223	1.909	2.474
pos:DET	Northwest_Gbaya	1.8202	2692	49	1.38	2.398
pos:DET	Odia	2.9048	5818	169	2.503	3.368
pos:DET	Old_English	5.2632	171	9	2.793	9.699
pos:DET	Old_French	13.1894	15285	2016	12.662	13.735
pos:DET	Old_Irish	4.6729	856	40	3.45	6.301
pos:DET	Old_Turkish	4.4304	158	7	2.162	8.862
pos:DET	Ottoman_Turkish	5.4499	9780	533	5.017	5.918
pos:DET	Pashto	3.731	6647	248	3.301	4.214
pos:DET	Paumari	9.7222	504	49	7.432	12.622
pos:DET	Pesh	1.193	4275	51	0.909	1.565
pos:DET	Phrygian	6.0385	1921	116	5.059	7.194
pos:DET	Polish	2.7796	18384	511	2.552	3.027
pos:DET	Punjabi	3.3596	3810	128	2.833	3.98
pos:DET	Romanian	4.4351	5231	232	3.91	5.027
pos:DET	Ruuli	1.587	6301	100	1.307	1.926
pos:DET	Sanskrit	3.7982	1843	70	3.017	4.771
pos:DET	Shanghainese	0.5825	8584	50	0.442	0.767
pos:DET	Sicilian	11.5405	11204	1293	10.962	12.145
pos:DET	Sinhala	1.9367	1549	30	1.36	2.751
pos:DET	Skolt_Sami	0.2296	3049	7	0.111	0.473
pos:DET	South_Levantine_Arabic	3.1686	789	25	2.155	4.636
pos:DET	Southern_Kurdish	2.6706	1685	45	2.002	3.555
pos:DET	Spanish	9.154	8073	739	8.544	9.803
pos:DET	Spanish_Sign_Language	1.6511	1393	23	1.103	2.465
pos:DET	Swedish	3.5695	11402	407	3.244	3.926
pos:DET	Swedish_Sign_Language	3.7888	1610	61	2.961	4.837
pos:DET	Tagalog	2.13	1831	39	1.562	2.898
pos:DET	Tamil	1.455	12165	177	1.257	1.684
pos:DET	Tatar	0.5702	2280	13	0.334	0.973
pos:DET	Teko	2.6934	2896	78	2.163	3.349
pos:DET	Telugu	2.4903	6465	161	2.138	2.899
pos:DET	Telugu_English	4.386	456	20	2.857	6.677
pos:DET	Tupinamba	1.8855	4508	85	1.528	2.325
pos:DET	Turkish	4.8195	34962	1685	4.6	5.049
pos:DET	Turkish_English	5.8957	441	26	4.055	8.498
pos:DET	Umbrian	0.5164	1162	6	0.237	1.122
pos:DET	Upper_Sorbian	2.9193	11167	326	2.623	3.248
pos:DET	Uzbek	1.4878	14451	215	1.303	1.698
pos:DET	Vietnamese	4.4492	1888	84	3.608	5.475
pos:DET	Wolof	7.1264	44258	3154	6.89	7.37
pos:DET	Xavante	3.1711	2239	71	2.522	3.981
pos:DET	Xibe	0.6883	15401	106	0.569	0.832
pos:DET	Yakut	4.589	1460	67	3.63	5.787
pos:DET	Yoruba	3.3726	8243	278	3.004	3.784
pos:DET	Yupik	0.1947	2568	5	0.083	0.455
pos:DET	Zazaki	0.7634	1441	11	0.427	1.362
pos:INTJ	Abkhaz	0.1455	13054	19	0.093	0.227
pos:INTJ	Akuntsu	0.4768	1468	7	0.231	0.981
pos:INTJ	Albanian	0.0446	4485	2	0.012	0.162
pos:INTJ	Amharic	0.6593	10010	66	0.519	0.838
pos:INTJ	Apurina	0.182	1099	2	0.05	0.661
pos:INTJ	Assamese	0.5741	871	5	0.245	1.337
pos:INTJ	Azerbaijani	0.1096	912	1	0.019	0.618
pos:INTJ	Bambara	1.6205	13823	224	1.423	1.845
pos:INTJ	Bavarian	0.153	15036	23	0.102	0.229
pos:INTJ	Beja	0.5524	11948	66	0.434	0.702
pos:INTJ	Bengali	1.875	320	6	0.862	4.03
pos:INTJ	Bhojpuri	0.075	6665	5	0.032	0.176
pos:INTJ	Breton	0.02	10006	2	0.005	0.073
pos:INTJ	Buryat	0.0589	10187	6	0.027	0.128
pos:INTJ	Cantonese	1.5519	13918	216	1.36	1.771
pos:INTJ	Cappadocian	0.81	4938	40	0.595	1.101
pos:INTJ	Cebuano	0.2152	1394	3	0.073	0.631
pos:INTJ	Central_Kurdish	0.7843	765	6	0.36	1.7
pos:INTJ	Chinese	0.1688	21914	37	0.123	0.233
pos:INTJ	Chintang	1.2303	14631	180	1.064	1.422
pos:INTJ	Chukchi	0.5715	6124	35	0.411	0.794
pos:INTJ	Czech	0.3339	6289	21	0.219	0.51
pos:INTJ	English	0.3212	51993	167	0.276	0.374
pos:INTJ	Faroese	0.01	10002	1	0.002	0.057
pos:INTJ	Finnish	0.0126	15813	2	0.003	0.046
pos:INTJ	French	0.1641	5484	9	0.086	0.312
pos:INTJ	Frisian_Dutch	5.0684	3729	189	4.409	5.82
pos:INTJ	Gheg	2.9956	15990	479	2.742	3.271
pos:INTJ	Greek	0.7059	21958	155	0.603	0.826
pos:INTJ	Guajajara	0.4148	9160	38	0.302	0.569
pos:INTJ	Guarani	0.4608	217	1	0.081	2.564
pos:INTJ	Gujarati	0.7427	1885	14	0.443	1.243
pos:INTJ	Gwichin	0.0992	1008	1	0.018	0.56
pos:INTJ	Haitian_Creole	0.183	3279	6	0.084	0.399
pos:INTJ	Hausa	2.3078	53210	1228	2.184	2.439
pos:INTJ	Hebrew	0.0498	8029	4	0.019	0.128
pos:INTJ	Highland_Puebla_Nahuatl	2.954	10088	298	2.641	3.303
pos:INTJ	Hittite	0.0764	1309	1	0.013	0.431
pos:INTJ	Ika	1.2248	5307	65	0.962	1.558
pos:INTJ	Irish	0.0209	4783	1	0.004	0.118
pos:INTJ	Italian	0.1474	6784	10	0.08	0.271
pos:INTJ	Javanese	0.2231	14343	32	0.158	0.315
pos:INTJ	Kangri	0.1193	2514	3	0.041	0.35
pos:INTJ	Karelian	0.097	3094	3	0.033	0.285
pos:INTJ	Kazakh	0.2183	10536	23	0.146	0.327
pos:INTJ	Kiche	0.1099	10013	11	0.061	0.197
pos:INTJ	Komi_Permyak	0.2606	1151	3	0.089	0.764
pos:INTJ	Komi_Zyrian	0.2665	10505	28	0.184	0.385
pos:INTJ	Korean	0.0595	30240	18	0.038	0.094
pos:INTJ	Kyrgyz	0.16	1250	2	0.044	0.582
pos:INTJ	Ligurian	0.332	6928	23	0.221	0.498
pos:INTJ	Lithuanian	0.1307	5356	7	0.063	0.27
pos:INTJ	Livvi	0.2451	1632	4	0.095	0.629
pos:INTJ	Macedonian	0.1471	1360	2	0.04	0.535
pos:INTJ	Makurap	2.2472	178	4	0.877	5.635
pos:INTJ	Marathi	0.5459	3847	21	0.357	0.833
pos:INTJ	Mbya_Guarani	0.0759	1318	1	0.013	0.429
pos:INTJ	Moksha	0.3057	4579	14	0.182	0.513
pos:INTJ	Munduruku	0.0978	1022	1	0.017	0.552
pos:INTJ	Naga	2.6257	3123	82	2.12	3.247
pos:INTJ	Nenets	4.9528	1272	63	3.89	6.287
pos:INTJ	Nepali	0.3745	801	3	0.127	1.095
pos:INTJ	Northern_Kurdish	0.1657	10259	17	0.103	0.265
pos:INTJ	Northwest_Gbaya	0.5944	2692	16	0.366	0.963
pos:INTJ	Odia	0.0172	5818	1	0.003	0.097
pos:INTJ	Old_Irish	0.4673	856	4	0.182	1.195
pos:INTJ	Ottoman_Turkish	0.3579	9780	35	0.257	0.497
pos:INTJ	Paumari	0.1984	504	1	0.035	1.115
pos:INTJ	Pesh	1.7076	4275	73	1.36	2.142
pos:INTJ	Punjabi	0.5249	3810	20	0.34	0.809
pos:INTJ	Romanian	0.4397	5231	23	0.293	0.659
pos:INTJ	Ruuli	1.8568	6301	117	1.552	2.221
pos:INTJ	Sanskrit	0.1628	1843	3	0.055	0.478
pos:INTJ	Shanghainese	1.1766	8584	101	0.969	1.428
pos:INTJ	Sicilian	0.2053	11204	23	0.137	0.308
pos:INTJ	Sinhala	0.0646	1549	1	0.011	0.365
pos:INTJ	Skolt_Sami	1.9679	3049	60	1.532	2.525
pos:INTJ	South_Levantine_Arabic	1.6477	789	13	0.965	2.798
pos:INTJ	Southern_Kurdish	1.0089	1685	17	0.631	1.61
pos:INTJ	Spanish	1.7466	8073	141	1.483	2.056
pos:INTJ	Swedish	0.0439	11402	5	0.019	0.103
pos:INTJ	Swedish_Sign_Language	3.4783	1610	56	2.688	4.49
pos:INTJ	Tagalog	0.2731	1831	5	0.117	0.638
pos:INTJ	Teko	1.174	2896	34	0.841	1.636
pos:INTJ	Telugu	0.2475	6465	16	0.152	0.402
pos:INTJ	Tupinamba	0.8208	4508	37	0.596	1.129
pos:INTJ	Turkish	0.0887	34962	31	0.062	0.126
pos:INTJ	Uzbek	0.2076	14451	30	0.145	0.296
pos:INTJ	Vietnamese	0.2119	1888	4	0.082	0.544
pos:INTJ	Wolof	0.1446	44258	64	0.113	0.185
pos:INTJ	Xavante	0.536	2239	12	0.307	0.934
pos:INTJ	Xibe	0.026	15401	4	0.01	0.067
pos:INTJ	Yakut	0.4795	1460	7	0.232	0.986
pos:INTJ	Yoruba	0.0121	8243	1	0.002	0.069
pos:INTJ	Zazaki	1.8737	1441	27	1.291	2.712
pos:NOUN	Abaza	27.3006	652	178	24.021	30.846
pos:NOUN	Abkhaz	18.6073	13054	2429	17.949	19.284
pos:NOUN	Akkadian	37.527	1852	695	35.35	39.756
pos:NOUN	Akuntsu	28.4741	1468	418	26.224	30.837
pos:NOUN	Albanian	19.2419	4485	863	18.115	20.422
pos:NOUN	Alemannic	12.8809	1444	186	11.251	14.708
pos:NOUN	Amharic	14.8551	10010	1487	14.172	15.565
pos:NOUN	Apurina	29.1174	1099	320	26.508	31.872
pos:NOUN	Assamese	31.9173	871	278	28.907	35.087
pos:NOUN	Assyrian	16.1148	453	73	13.016	19.783
pos:NOUN	Azerbaijani	26.6447	912	243	23.878	29.608
pos:NOUN	Bambara	15.5104	13823	2144	14.916	16.123
pos:NOUN	Bavarian	15.1304	15036	2275	14.566	15.712
pos:NOUN	Beja	14.3873	11948	1719	13.769	15.028
pos:NOUN	Bengali	19.375	320	62	15.418	24.058
pos:NOUN	Bhojpuri	27.832	6665	1855	26.769	28.92
pos:NOUN	Bokota	20.6414	2713	560	19.16	22.205
pos:NOUN	Brahui	33.2112	819	272	30.071	36.509
pos:NOUN	Breton	19.8281	10006	1984	19.059	20.621
pos:NOUN	Buryat	30.5684	10187	3114	29.681	31.47
pos:NOUN	Cantonese	14.9806	13918	2085	14.397	15.583
pos:NOUN	Cappadocian	16.5452	4938	817	15.535	17.608
pos:NOUN	Cebuano	12.6973	1394	177	11.051	14.548
pos:NOUN	Central_Kurdish	16.6013	765	127	14.133	19.404
pos:NOUN	Chinese	21.808	21914	4779	21.266	22.36
pos:NOUN	Chintang	20.73	14631	3033	20.081	21.394
pos:NOUN	Chukchi	13.7492	6124	842	12.909	14.634
pos:NOUN	Classical_Chinese	26.8519	648	174	23.583	30.393
pos:NOUN	Czech	23.3105	6289	1466	22.282	24.372
pos:NOUN	English	19.6238	51993	10203	19.285	19.967
pos:NOUN	Esperanto	20.4308	3343	683	19.098	21.831
pos:NOUN	Faroese	24.965	10002	2497	24.127	25.823
pos:NOUN	Finnish	26.6932	15813	4221	26.009	27.388
pos:NOUN	French	16.612	5484	911	15.65	17.62
pos:NOUN	Frisian_Dutch	12.9257	3729	482	11.887	14.041
pos:NOUN	Gheg	15.4659	15990	2473	14.914	16.035
pos:NOUN	Gorontalo	29.7561	205	61	23.917	36.34
pos:NOUN	Greek	15.1107	21958	3318	14.643	15.59
pos:NOUN	Guajajara	27.8166	9160	2548	26.908	28.743
pos:NOUN	Guarani	31.7972	217	69	25.964	38.264
pos:NOUN	Gujarati	22.5464	1885	425	20.717	24.488
pos:NOUN	Gwichin	16.5675	1008	167	14.4	18.989
pos:NOUN	Haitian_Creole	21.4395	3279	703	20.069	22.877
pos:NOUN	Hausa	16.5307	53210	8796	16.218	16.849
pos:NOUN	Hebrew	22.6554	8029	1819	21.753	23.584
pos:NOUN	Highland_Puebla_Nahuatl	16.4255	10088	1657	15.715	17.161
pos:NOUN	Hittite	29.5646	1309	387	27.155	32.094
pos:NOUN	Ika	10.1376	5307	538	9.354	10.979
pos:NOUN	Irish	23.9599	4783	1146	22.771	25.19
pos:NOUN	Italian	15.1828	6784	1030	14.349	16.056
pos:NOUN	Javanese	19.9958	14343	2868	19.349	20.658
pos:NOUN	Kaapor	24.0437	366	88	19.95	28.677
pos:NOUN	Kadiweu	34.9057	318	111	29.875	40.297
pos:NOUN	Kangri	22.0764	2514	555	20.498	23.74
pos:NOUN	Karelian	27.117	3094	839	25.58	28.711
pos:NOUN	Karo	24.4502	2319	567	22.744	26.241
pos:NOUN	Kazakh	29.4229	10536	3100	28.56	30.3
pos:NOUN	Kiche	24.3483	10013	2438	23.518	25.199
pos:NOUN	Komi_Permyak	22.0678	1151	254	19.767	24.554
pos:NOUN	Komi_Zyrian	24.1694	10505	2539	23.36	24.997
pos:NOUN	Korean	35.6548	30240	10782	35.117	36.196
pos:NOUN	Kyrgyz	23.52	1250	294	21.252	25.95
pos:NOUN	Latgalian	15.8824	170	27	11.151	22.122
pos:NOUN	Latvian	15.4762	168	26	10.786	21.71
pos:NOUN	Ligurian	12.933	6928	896	12.163	13.744
pos:NOUN	Lithuanian	20.6311	5356	1105	19.569	21.736
pos:NOUN	Livvi	26.4093	1632	431	24.328	28.602
pos:NOUN	Luxembourgish	18.4466	206	38	13.745	24.304
pos:NOUN	Macedonian	13.1618	1360	179	11.468	15.063
pos:NOUN	Madi	13.913	115	16	8.749	21.41
pos:NOUN	Makurap	21.3483	178	38	15.967	27.94
pos:NOUN	Malayalam	29.9625	2403	720	28.164	31.825
pos:NOUN	Marathi	21.5493	3847	829	20.279	22.877
pos:NOUN	Mbya_Guarani	12.8225	1318	169	11.125	14.736
pos:NOUN	Middle_Armenian	22.1409	1093	242	19.779	24.698
pos:NOUN	Middle_French	17.6313	7084	1249	16.761	18.536
pos:NOUN	Moksha	25.2675	4579	1157	24.03	26.547
pos:NOUN	Munduruku	37.5734	1022	384	34.656	40.584
pos:NOUN	Naga	21.4537	3123	670	20.05	22.928
pos:NOUN	Neapolitan	12.4378	201	25	8.568	17.716
pos:NOUN	Nenets	28.2233	1272	359	25.818	30.759
pos:NOUN	Nepali	20.0999	801	161	17.47	23.015
pos:NOUN	Northern_Kurdish	25.8602	10259	2653	25.022	26.716
pos:NOUN	Northwest_Gbaya	20.6538	2692	556	19.167	22.224
pos:NOUN	Odia	30.2681	5818	1761	29.101	31.461
pos:NOUN	Old_English	13.4503	171	23	9.133	19.374
pos:NOUN	Old_French	17.1933	15285	2628	16.603	17.8
pos:NOUN	Old_Georgian	23.896	6884	1645	22.903	24.918
pos:NOUN	Old_Irish	21.6121	856	185	18.985	24.493
pos:NOUN	Old_Turkish	10.1266	158	16	6.33	15.816
pos:NOUN	Ottoman_Turkish	35.3067	9780	3453	34.365	36.26
pos:NOUN	Pashto	21.2126	6647	1410	20.247	22.212
pos:NOUN	Paumari	18.4524	504	93	15.309	22.073
pos:NOUN	Pesh	14.7602	4275	631	13.729	15.855
pos:NOUN	Phrygian	20.9787	1921	403	19.217	22.856
pos:NOUN	Polish	25.1958	18384	4632	24.573	25.829
pos:NOUN	Punjabi	19.2126	3810	732	17.993	20.494
pos:NOUN	Romanian	18.7727	5231	982	17.738	19.854
pos:NOUN	Ruuli	17.5845	6301	1108	16.664	18.544
pos:NOUN	Sanskrit	30.3852	1843	560	28.328	32.524
pos:NOUN	Shanghainese	10.8225	8584	929	10.183	11.497
pos:NOUN	Sicilian	13.4327	11204	1505	12.814	14.077
pos:NOUN	Sinhala	36.6043	1549	567	34.241	39.034
pos:NOUN	Skolt_Sami	13.8406	3049	422	12.66	15.112
pos:NOUN	South_Levantine_Arabic	22.6869	789	179	19.901	25.737
pos:NOUN	Southern_Kurdish	23.5608	1685	397	21.596	25.646
pos:NOUN	Spanish	11.4703	8073	926	10.793	12.184
pos:NOUN	Spanish_Sign_Language	33.5248	1393	467	31.094	36.046
pos:NOUN	Swedish	17.076	11402	1947	16.396	17.778
pos:NOUN	Swedish_Sign_Language	22.4845	1610	362	20.512	24.588
pos:NOUN	Tagalog	19.4975	1831	357	17.748	21.375
pos:NOUN	Tamil	27.0612	12165	3292	26.279	27.858
pos:NOUN	Tatar	35.6579	2280	813	33.717	37.647
pos:NOUN	Teko	33.0801	2896	958	31.39	34.815
pos:NOUN	Telugu	22.1655	6465	1433	21.17	23.194
pos:NOUN	Telugu_English	26.7544	456	122	22.898	30.999
pos:NOUN	Tswana	12.1495	214	26	8.428	17.206
pos:NOUN	Tupinamba	31.8545	4508	1436	30.51	33.23
pos:NOUN	Turkish	30.5789	34962	10691	30.098	31.064
pos:NOUN	Turkish_English	19.7279	441	87	16.282	23.697
pos:NOUN	Umbrian	30.7229	1162	357	28.137	33.435
pos:NOUN	Upper_Sorbian	22.7187	11167	2537	21.951	23.505
pos:NOUN	Uzbek	33.8523	14451	4892	33.085	34.628
pos:NOUN	Veps	23.7913	1303	310	21.558	26.178
pos:NOUN	Vietnamese	20.1271	1888	380	18.38	21.996
pos:NOUN	Warlpiri	33.9683	315	107	28.959	39.363
pos:NOUN	Wolof	16.1078	44258	7129	15.768	16.453
pos:NOUN	Xavante	20.4109	2239	457	18.793	22.13
pos:NOUN	Xibe	29.9071	15401	4606	29.189	30.635
pos:NOUN	Yakut	30.0685	1460	439	27.771	32.47
pos:NOUN	Yoruba	18.3307	8243	1511	17.51	19.181
pos:NOUN	Yupik	18.9252	2568	486	17.457	20.486
pos:NOUN	Zazaki	14.9896	1441	216	13.24	16.926
pos:NUM	Abaza	3.0675	652	20	1.994	4.69
pos:NUM	Abkhaz	0.4826	13054	63	0.377	0.617
pos:NUM	Akkadian	0.6479	1852	12	0.371	1.129
pos:NUM	Akuntsu	1.0899	1468	16	0.672	1.763
pos:NUM	Albanian	0.5797	4485	26	0.396	0.848
pos:NUM	Alemannic	0.9003	1444	13	0.527	1.534
pos:NUM	Amharic	0.3996	10010	40	0.294	0.544
pos:NUM	Apurina	1.1829	1099	13	0.693	2.013
pos:NUM	Assamese	1.837	871	16	1.134	2.963
pos:NUM	Azerbaijani	0.8772	912	8	0.445	1.721
pos:NUM	Bambara	0.6656	13823	92	0.543	0.815
pos:NUM	Bavarian	1.5962	15036	240	1.408	1.809
pos:NUM	Beja	0.4938	11948	59	0.383	0.636
pos:NUM	Bengali	0.625	320	2	0.172	2.25
pos:NUM	Bhojpuri	2.2356	6665	149	1.907	2.619
pos:NUM	Bokota	0.5898	2713	16	0.363	0.956
pos:NUM	Brahui	3.4188	819	28	2.376	4.897
pos:NUM	Breton	2.3286	10006	233	2.051	2.643
pos:NUM	Buryat	2.1891	10187	223	1.922	2.492
pos:NUM	Cantonese	1.6669	13918	232	1.467	1.893
pos:NUM	Cappadocian	1.3163	4938	65	1.034	1.674
pos:NUM	Cebuano	0.8608	1394	12	0.493	1.499
pos:NUM	Central_Kurdish	2.2222	765	17	1.392	3.53
pos:NUM	Chinese	2.3045	21914	505	2.114	2.512
pos:NUM	Chintang	1.5173	14631	222	1.332	1.729
pos:NUM	Chukchi	0.3266	6124	20	0.212	0.504
pos:NUM	Classical_Chinese	4.1667	648	27	2.879	5.994
pos:NUM	Czech	0.2862	6289	18	0.181	0.452
pos:NUM	English	1.8406	51993	957	1.729	1.96
pos:NUM	Esperanto	1.2863	3343	43	0.956	1.728
pos:NUM	Faroese	2.3895	10002	239	2.108	2.708
pos:NUM	Finnish	2.4474	15813	387	2.218	2.7
pos:NUM	French	0.547	5484	30	0.383	0.78
pos:NUM	Frisian_Dutch	1.609	3729	60	1.252	2.066
pos:NUM	Gheg	2.0138	15990	322	1.807	2.243
pos:NUM	Gorontalo	0.4878	205	1	0.086	2.711
pos:NUM	Greek	0.7788	21958	171	0.671	0.904
pos:NUM	Guajajara	0.0983	9160	9	0.052	0.187
pos:NUM	Guarani	0.4608	217	1	0.081	2.564
pos:NUM	Gujarati	2.122	1885	40	1.562	2.877
pos:NUM	Gwichin	0.3968	1008	4	0.154	1.016
pos:NUM	Haitian_Creole	1.5554	3279	51	1.185	2.039
pos:NUM	Hausa	0.9735	53210	518	0.894	1.061
pos:NUM	Hebrew	1.7935	8029	144	1.525	2.108
pos:NUM	Highland_Puebla_Nahuatl	0.9814	10088	99	0.807	1.193
pos:NUM	Hittite	2.3682	1309	31	1.673	3.342
pos:NUM	Ika	1.2248	5307	65	0.962	1.558
pos:NUM	Irish	1.2544	4783	60	0.976	1.611
pos:NUM	Italian	0.2653	6784	18	0.168	0.419
pos:NUM	Javanese	2.5239	14343	362	2.28	2.794
pos:NUM	Kaapor	0.2732	366	1	0.048	1.531
pos:NUM	Kangri	1.6309	2514	41	1.204	2.205
pos:NUM	Karelian	1.5191	3094	47	1.144	2.014
pos:NUM	Karo	0.1725	2319	4	0.067	0.443
pos:NUM	Kazakh	3.5497	10536	374	3.213	3.92
pos:NUM	Kiche	0.6492	10013	65	0.51	0.826
pos:NUM	Komi_Permyak	0.7819	1151	9	0.412	1.479
pos:NUM	Komi_Zyrian	1.2661	10505	133	1.069	1.498
pos:NUM	Korean	2.3413	30240	708	2.177	2.518
pos:NUM	Kyrgyz	0.72	1250	9	0.379	1.363
pos:NUM	Ligurian	0.6062	6928	42	0.449	0.818
pos:NUM	Lithuanian	0.4481	5356	24	0.301	0.666
pos:NUM	Livvi	1.2868	1632	21	0.843	1.959
pos:NUM	Macedonian	0.5147	1360	7	0.25	1.059
pos:NUM	Malayalam	1.7478	2403	42	1.296	2.354
pos:NUM	Marathi	0.8838	3847	34	0.633	1.232
pos:NUM	Mbya_Guarani	0.4552	1318	6	0.209	0.99
pos:NUM	Middle_Armenian	1.4639	1093	16	0.903	2.365
pos:NUM	Middle_French	0.3388	7084	24	0.228	0.504
pos:NUM	Moksha	0.808	4579	37	0.587	1.112
pos:NUM	Munduruku	0.1957	1022	2	0.054	0.711
pos:NUM	Naga	1.505	3123	47	1.134	1.995
pos:NUM	Nenets	1.7296	1272	22	1.145	2.605
pos:NUM	Nepali	0.6242	801	5	0.267	1.453
pos:NUM	Northern_Kurdish	2.125	10259	218	1.863	2.422
pos:NUM	Northwest_Gbaya	0.2229	2692	6	0.102	0.485
pos:NUM	Odia	3.1798	5818	185	2.759	3.662
pos:NUM	Old_French	0.5561	15285	85	0.45	0.687
pos:NUM	Old_Georgian	1.4526	6884	100	1.196	1.764
pos:NUM	Old_Irish	0.2336	856	2	0.064	0.848
pos:NUM	Old_Turkish	13.2911	158	21	8.86	19.465
pos:NUM	Ottoman_Turkish	1.0123	9780	99	0.832	1.231
pos:NUM	Pashto	1.2186	6647	81	0.982	1.512
pos:NUM	Paumari	0.1984	504	1	0.035	1.115
pos:NUM	Pesh	0.9123	4275	39	0.668	1.245
pos:NUM	Phrygian	0.4685	1921	9	0.247	0.888
pos:NUM	Polish	0.99	18384	182	0.857	1.144
pos:NUM	Punjabi	1.1549	3810	44	0.861	1.547
pos:NUM	Romanian	0.7073	5231	37	0.514	0.973
pos:NUM	Ruuli	0.8253	6301	52	0.63	1.081
pos:NUM	Sanskrit	0.9767	1843	18	0.619	1.539
pos:NUM	Shanghainese	0.8737	8584	75	0.698	1.094
pos:NUM	Sicilian	0.4284	11204	48	0.323	0.568
pos:NUM	Sinhala	0.6456	1549	10	0.351	1.184
pos:NUM	Skolt_Sami	0.5576	3049	17	0.348	0.891
pos:NUM	South_Levantine_Arabic	2.2814	789	18	1.448	3.577
pos:NUM	Southern_Kurdish	2.908	1685	49	2.207	3.824
pos:NUM	Spanish	1.1272	8073	91	0.919	1.382
pos:NUM	Spanish_Sign_Language	4.2355	1393	59	3.298	5.425
pos:NUM	Swedish	0.6753	11402	77	0.541	0.843
pos:NUM	Swedish_Sign_Language	1.5528	1610	25	1.054	2.282
pos:NUM	Tagalog	0.8192	1831	15	0.497	1.347
pos:NUM	Tamil	3.1155	12165	379	2.821	3.439
pos:NUM	Tatar	2.5877	2280	59	2.011	3.323
pos:NUM	Teko	0.6215	2896	18	0.394	0.98
pos:NUM	Telugu	1.423	6465	92	1.162	1.742
pos:NUM	Telugu_English	0.6579	456	3	0.224	1.916
pos:NUM	Tupinamba	0.3771	4508	17	0.236	0.603
pos:NUM	Turkish	2.1709	34962	759	2.023	2.329
pos:NUM	Turkish_English	0.6803	441	3	0.232	1.981
pos:NUM	Umbrian	1.6351	1162	19	1.049	2.54
pos:NUM	Upper_Sorbian	3.4208	11167	382	3.099	3.774
pos:NUM	Uzbek	2.7887	14451	403	2.533	3.07
pos:NUM	Veps	0.8442	1303	11	0.472	1.505
pos:NUM	Vietnamese	3.072	1888	58	2.384	3.951
pos:NUM	Wolof	1.2133	44258	537	1.115	1.32
pos:NUM	Xavante	0.5806	2239	13	0.34	0.991
pos:NUM	Xibe	3.1751	15401	489	2.91	3.464
pos:NUM	Yakut	3.0822	1460	45	2.311	4.099
pos:NUM	Yoruba	0.9463	8243	78	0.759	1.179
pos:NUM	Yupik	0.0389	2568	1	0.007	0.22
pos:NUM	Zazaki	0.9715	1441	14	0.58	1.624
pos:PART	Abaza	1.227	652	8	0.623	2.402
pos:PART	Abkhaz	0.7431	13054	97	0.61	0.906
pos:PART	Akkadian	1.8359	1852	34	1.317	2.554
pos:PART	Akuntsu	4.4959	1468	66	3.549	5.68
pos:PART	Albanian	6.3991	4485	287	5.72	7.153
pos:PART	Alemannic	2.3546	1444	34	1.69	3.272
pos:PART	Amharic	8.6813	10010	869	8.145	9.249
pos:PART	Apurina	1.3649	1099	15	0.829	2.24
pos:PART	Assamese	1.4925	871	13	0.874	2.537
pos:PART	Assyrian	4.1943	453	19	2.701	6.458
pos:PART	Azerbaijani	0.1096	912	1	0.019	0.618
pos:PART	Bambara	4.9121	13823	679	4.564	5.285
pos:PART	Bavarian	1.0641	15036	160	0.912	1.241
pos:PART	Beja	2.6866	11948	321	2.412	2.992
pos:PART	Bengali	2.8125	320	9	1.487	5.258
pos:PART	Bhojpuri	2.8657	6665	191	2.492	3.294
pos:PART	Bokota	0.258	2713	7	0.125	0.532
pos:PART	Breton	0.02	10006	2	0.005	0.073
pos:PART	Buryat	2.3952	10187	244	2.116	2.711
pos:PART	Cantonese	11.0289	13918	1535	10.519	11.56
pos:PART	Cappadocian	1.5593	4938	77	1.25	1.944
pos:PART	Cebuano	12.3386	1394	172	10.715	14.169
pos:PART	Central_Kurdish	3.9216	765	30	2.761	5.543
pos:PART	Chinese	6.6533	21914	1458	6.331	6.991
pos:PART	Chintang	10.8605	14631	1589	10.367	11.375
pos:PART	Chukchi	13.9778	6124	856	13.132	14.869
pos:PART	Classical_Chinese	10.4938	648	68	8.362	13.091
pos:PART	Czech	0.7314	6289	46	0.549	0.974
pos:PART	English	2.585	51993	1344	2.452	2.725
pos:PART	Esperanto	0.4487	3343	15	0.272	0.739
pos:PART	Faroese	0.7898	10002	79	0.634	0.983
pos:PART	Gheg	3.152	15990	504	2.892	3.434
pos:PART	Gorontalo	0.4878	205	1	0.086	2.711
pos:PART	Greek	1.5621	21958	343	1.406	1.735
pos:PART	Guajajara	16.19	9160	1483	15.45	16.958
pos:PART	Guarani	9.6774	217	21	6.417	14.341
pos:PART	Gujarati	2.2812	1885	43	1.698	3.058
pos:PART	Gwichin	0.9921	1008	10	0.54	1.816
pos:PART	Hausa	4.9991	53210	2660	4.817	5.187
pos:PART	Hittite	12.5286	1309	164	10.844	14.432
pos:PART	Ika	18.1082	5307	961	17.095	19.167
pos:PART	Irish	6.4813	4783	310	5.818	7.215
pos:PART	Javanese	1.6315	14343	234	1.437	1.852
pos:PART	Kaapor	10.1093	366	37	7.424	13.624
pos:PART	Kadiweu	1.8868	318	6	0.868	4.055
pos:PART	Kangri	3.58	2514	90	2.922	4.38
pos:PART	Karo	12.8935	2319	299	11.591	14.319
pos:PART	Kazakh	0.3132	10536	33	0.223	0.44
pos:PART	Kiche	8.2892	10013	830	7.765	8.845
pos:PART	Komi_Permyak	0.5213	1151	6	0.239	1.133
pos:PART	Komi_Zyrian	0.8948	10505	94	0.732	1.094
pos:PART	Korean	1.584	30240	479	1.449	1.731
pos:PART	Kyrgyz	2.24	1250	28	1.554	3.218
pos:PART	Latgalian	2.9412	170	5	1.263	6.699
pos:PART	Latvian	2.9762	168	5	1.278	6.777
pos:PART	Ligurian	1.963	6928	136	1.662	2.317
pos:PART	Lithuanian	3.1367	5356	168	2.702	3.638
pos:PART	Luxembourgish	3.3981	206	7	1.656	6.847
pos:PART	Macedonian	5.8088	1360	79	4.686	7.181
pos:PART	Madi	1.7391	115	2	0.478	6.12
pos:PART	Makurap	10.1124	178	18	6.493	15.417
pos:PART	Malayalam	2.4136	2403	58	1.872	3.107
pos:PART	Marathi	1.2217	3847	47	0.92	1.621
pos:PART	Mbya_Guarani	13.9605	1318	184	12.194	15.937
pos:PART	Middle_Armenian	1.0979	1093	12	0.629	1.909
pos:PART	Moksha	0.3713	4579	17	0.232	0.594
pos:PART	Munduruku	4.1096	1022	42	3.055	5.508
pos:PART	Naga	1.601	3123	50	1.217	2.104
pos:PART	Nepali	9.3633	801	75	7.535	11.579
pos:PART	Northern_Kurdish	0.9553	10259	98	0.785	1.163
pos:PART	Northwest_Gbaya	5.6092	2692	151	4.802	6.543
pos:PART	Odia	1.375	5818	80	1.106	1.708
pos:PART	Old_English	0.5848	171	1	0.103	3.238
pos:PART	Old_Georgian	2.1354	6884	147	1.82	2.505
pos:PART	Old_Irish	9.229	856	79	7.468	11.354
pos:PART	Ottoman_Turkish	0.9407	9780	92	0.768	1.152
pos:PART	Pashto	2.3319	6647	155	1.996	2.723
pos:PART	Pesh	13.0292	4275	557	12.053	14.072
pos:PART	Phrygian	4.5809	1921	88	3.733	5.61
pos:PART	Polish	2.2411	18384	412	2.037	2.465
pos:PART	Punjabi	2.7559	3810	105	2.282	3.325
pos:PART	Romanian	4.5307	5231	237	4.0	5.128
pos:PART	Ruuli	4.1422	6301	261	3.677	4.663
pos:PART	Sanskrit	2.0076	1843	37	1.46	2.755
pos:PART	Shanghainese	10.5662	8584	907	9.933	11.234
pos:PART	Sicilian	0.4016	11204	45	0.3	0.537
pos:PART	Sinhala	6.1975	1549	96	5.102	7.51
pos:PART	Skolt_Sami	0.7871	3049	24	0.53	1.169
pos:PART	South_Levantine_Arabic	0.507	789	4	0.197	1.296
pos:PART	Southern_Kurdish	1.8991	1685	32	1.348	2.669
pos:PART	Spanish_Sign_Language	0.1436	1393	2	0.039	0.522
pos:PART	Swedish	2.8153	11402	321	2.527	3.135
pos:PART	Swedish_Sign_Language	0.0621	1610	1	0.011	0.351
pos:PART	Tagalog	8.3015	1831	152	7.123	9.654
pos:PART	Tamil	5.3925	12165	656	5.005	5.808
pos:PART	Teko	1.2086	2896	35	0.87	1.676
pos:PART	Telugu	0.3867	6465	25	0.262	0.57
pos:PART	Tswana	14.9533	214	32	10.796	20.347
pos:PART	Tupinamba	4.0816	4508	184	3.542	4.699
pos:PART	Turkish_English	1.1338	441	5	0.485	2.626
pos:PART	Upper_Sorbian	0.2149	11167	24	0.144	0.32
pos:PART	Uzbek	0.5744	14451	83	0.464	0.711
pos:PART	Veps	0.1535	1303	2	0.042	0.558
pos:PART	Vietnamese	1.0064	1888	19	0.645	1.566
pos:PART	Wolof	1.9477	44258	862	1.823	2.081
pos:PART	Xavante	14.3814	2239	322	12.989	15.896
pos:PART	Xibe	0.8636	15401	133	0.729	1.022
pos:PART	Yakut	2.0548	1460	30	1.443	2.918
pos:PART	Yoruba	2.2929	8243	189	1.991	2.639
pos:PART	Yupik	0.6231	2568	16	0.384	1.01
pos:PART	Zazaki	3.4004	1441	49	2.582	4.467
pos:PRON	Abaza	12.1166	652	79	9.831	14.846
pos:PRON	Abkhaz	4.987	13054	651	4.627	5.374
pos:PRON	Akkadian	10.0432	1852	186	8.756	11.496
pos:PRON	Akuntsu	6.6076	1468	97	5.447	7.995
pos:PRON	Albanian	10.7915	4485	484	9.917	11.733
pos:PRON	Alemannic	8.1717	1444	118	6.867	9.698
pos:PRON	Amharic	25.4745	10010	2550	24.63	26.337
pos:PRON	Apurina	10.1911	1099	112	8.539	12.121
pos:PRON	Assamese	6.659	871	58	5.186	8.512
pos:PRON	Assyrian	9.4923	453	43	7.124	12.542
pos:PRON	Azerbaijani	5.1535	912	47	3.897	6.786
pos:PRON	Bambara	18.1292	13823	2506	17.496	18.78
pos:PRON	Bavarian	7.5352	15036	1133	7.124	7.968
pos:PRON	Beja	6.8714	11948	821	6.432	7.339
pos:PRON	Bengali	15.3125	320	49	11.78	19.668
pos:PRON	Bhojpuri	5.0263	6665	335	4.527	5.577
pos:PRON	Bokota	10.9473	2713	297	9.827	12.178
pos:PRON	Brahui	3.7851	819	31	2.679	5.323
pos:PRON	Breton	2.6384	10006	264	2.342	2.971
pos:PRON	Buryat	2.8271	10187	288	2.523	3.167
pos:PRON	Cantonese	8.4567	13918	1177	8.006	8.93
pos:PRON	Cappadocian	8.5257	4938	421	7.779	9.337
pos:PRON	Cebuano	13.5581	1394	189	11.861	15.456
pos:PRON	Central_Kurdish	14.6405	765	112	12.312	17.322
pos:PRON	Chinese	7.6755	21914	1682	7.33	8.035
pos:PRON	Chintang	4.6955	14631	687	4.364	5.05
pos:PRON	Chukchi	6.4337	6124	394	5.846	7.076
pos:PRON	Classical_Chinese	7.2531	648	47	5.498	9.512
pos:PRON	Czech	6.0582	6289	381	5.495	6.675
pos:PRON	English	8.5377	51993	4439	8.301	8.781
pos:PRON	Esperanto	9.4227	3343	315	8.478	10.46
pos:PRON	Faroese	2.9194	10002	292	2.607	3.268
pos:PRON	Finnish	7.3294	15813	1159	6.933	7.746
pos:PRON	French	9.7557	5484	535	8.998	10.569
pos:PRON	Frisian_Dutch	11.7994	3729	440	10.803	12.874
pos:PRON	Gheg	18.1238	15990	2898	17.534	18.729
pos:PRON	Gorontalo	3.9024	205	8	1.99	7.51
pos:PRON	Greek	7.1956	21958	1580	6.861	7.545
pos:PRON	Guajajara	9.6616	9160	885	9.073	10.284
pos:PRON	Guarani	13.3641	217	29	9.469	18.534
pos:PRON	Gujarati	7.0557	1885	133	5.985	8.301
pos:PRON	Gwichin	0.3968	1008	4	0.154	1.016
pos:PRON	Haitian_Creole	11.0095	3279	361	9.983	12.127
pos:PRON	Hausa	5.3543	53210	2849	5.166	5.549
pos:PRON	Hebrew	11.6827	8029	938	10.998	12.404
pos:PRON	Highland_Puebla_Nahuatl	8.1483	10088	822	7.63	8.698
pos:PRON	Hittite	11.1536	1309	146	9.561	12.974
pos:PRON	Ika	4.2208	5307	224	3.712	4.796
pos:PRON	Irish	4.3696	4783	209	3.826	4.987
pos:PRON	Italian	7.5029	6784	509	6.9	8.154
pos:PRON	Javanese	6.6932	14343	960	6.296	7.114
pos:PRON	Kaapor	16.9399	366	62	13.445	21.122
pos:PRON	Kadiweu	5.6604	318	18	3.61	8.769
pos:PRON	Kangri	8.2737	2514	208	7.259	9.415
pos:PRON	Karelian	9.3407	3094	289	8.365	10.417
pos:PRON	Karo	12.8504	2319	298	11.55	14.274
pos:PRON	Kazakh	4.6792	10536	493	4.292	5.099
pos:PRON	Kiche	2.1872	10013	219	1.918	2.493
pos:PRON	Komi_Permyak	10.5126	1151	121	8.87	12.418
pos:PRON	Komi_Zyrian	6.892	10505	724	6.423	7.392
pos:PRON	Korean	4.1171	30240	1245	3.899	4.347
pos:PRON	Kyrgyz	5.36	1250	67	4.243	6.751
pos:PRON	Latgalian	11.1765	170	19	7.273	16.796
pos:PRON	Latvian	10.119	168	17	6.414	15.607
pos:PRON	Ligurian	13.3949	6928	928	12.613	14.217
pos:PRON	Lithuanian	4.7423	5356	254	4.205	5.345
pos:PRON	Livvi	6.25	1632	102	5.175	7.53
pos:PRON	Luxembourgish	10.6796	206	22	7.159	15.64
pos:PRON	Macedonian	13.2353	1360	180	11.537	15.14
pos:PRON	Madi	27.8261	115	32	20.454	36.632
pos:PRON	Makurap	6.7416	178	12	3.898	11.413
pos:PRON	Malayalam	3.4956	2403	84	2.832	4.307
pos:PRON	Marathi	9.8518	3847	379	8.95	10.834
pos:PRON	Mbya_Guarani	8.4219	1318	111	7.041	10.045
pos:PRON	Middle_Armenian	3.7511	1093	41	2.777	5.049
pos:PRON	Middle_French	9.5144	7084	674	8.853	10.22
pos:PRON	Moksha	5.154	4579	236	4.55	5.833
pos:PRON	Munduruku	5.3816	1022	55	4.158	6.94
pos:PRON	Naga	9.9584	3123	311	8.957	11.058
pos:PRON	Neapolitan	9.4527	201	19	6.135	14.291
pos:PRON	Nenets	1.6509	1272	21	1.082	2.511
pos:PRON	Nepali	3.7453	801	30	2.636	5.296
pos:PRON	Northern_Kurdish	8.5388	10259	876	8.013	9.095
pos:PRON	Northwest_Gbaya	17.0134	2692	458	15.641	18.48
pos:PRON	Odia	6.4627	5818	376	5.859	7.124
pos:PRON	Old_English	15.7895	171	27	11.084	21.998
pos:PRON	Old_French	12.2015	15285	1865	11.692	12.73
pos:PRON	Old_Georgian	13.6258	6884	938	12.836	14.457
pos:PRON	Old_Irish	10.514	856	90	8.633	12.748
pos:PRON	Old_Turkish	0.6329	158	1	0.112	3.498
pos:PRON	Ottoman_Turkish	2.5256	9780	247	2.233	2.856
pos:PRON	Pashto	5.085	6647	338	4.582	5.64
pos:PRON	Paumari	8.5317	504	43	6.396	11.295
pos:PRON	Pesh	10.4327	4275	446	9.552	11.385
pos:PRON	Phrygian	8.1208	1921	156	6.981	9.427
pos:PRON	Polish	3.4704	18384	638	3.215	3.745
pos:PRON	Punjabi	10.5774	3810	403	9.64	11.594
pos:PRON	Romanian	9.0614	5231	474	8.313	9.87
pos:PRON	Ruuli	6.3006	6301	397	5.727	6.928
pos:PRON	Sanskrit	9.7124	1843	179	8.443	11.149
pos:PRON	Shanghainese	13.4786	8584	1157	12.772	14.217
pos:PRON	Sicilian	10.6926	11204	1198	10.134	11.278
pos:PRON	Sinhala	4.5836	1549	71	3.65	5.742
pos:PRON	Skolt_Sami	10.4624	3049	319	9.425	11.599
pos:PRON	South_Levantine_Arabic	8.1115	789	64	6.403	10.226
pos:PRON	Southern_Kurdish	10.4451	1685	176	9.074	11.997
pos:PRON	Spanish	11.1978	8073	904	10.528	11.904
pos:PRON	Spanish_Sign_Language	4.0201	1393	56	3.109	5.184
pos:PRON	Swedish	14.2782	11402	1628	13.648	14.932
pos:PRON	Swedish_Sign_Language	10.8696	1610	175	9.441	12.484
pos:PRON	Tagalog	8.1376	1831	149	6.971	9.479
pos:PRON	Tamil	3.3457	12165	407	3.041	3.68
pos:PRON	Tatar	2.5439	2280	58	1.973	3.274
pos:PRON	Teko	2.5898	2896	75	2.071	3.234
pos:PRON	Telugu	17.123	6465	1107	16.224	18.061
pos:PRON	Telugu_English	17.1053	456	78	13.927	20.833
pos:PRON	Tswana	20.0935	214	43	15.274	25.968
pos:PRON	Tupinamba	4.4809	4508	202	3.915	5.125
pos:PRON	Turkish	4.0444	34962	1414	3.843	4.256
pos:PRON	Turkish_English	8.6168	441	38	6.342	11.606
pos:PRON	Umbrian	3.3563	1162	39	2.465	4.555
pos:PRON	Upper_Sorbian	2.9999	11167	335	2.699	3.333
pos:PRON	Uzbek	4.8578	14451	702	4.519	5.22
pos:PRON	Veps	12.8933	1303	168	11.182	14.823
pos:PRON	Vietnamese	11.1758	1888	211	9.833	12.677
pos:PRON	Warlpiri	7.3016	315	23	4.914	10.718
pos:PRON	Wolof	13.9365	44258	6168	13.617	14.262
pos:PRON	Xavante	5.7615	2239	129	4.87	6.805
pos:PRON	Xibe	4.0842	15401	629	3.783	4.408
pos:PRON	Yakut	8.8356	1460	129	7.486	10.402
pos:PRON	Yoruba	16.4261	8243	1354	15.642	17.242
pos:PRON	Yupik	0.8956	2568	23	0.598	1.34
pos:PRON	Zazaki	13.6017	1441	196	11.928	15.469
pos:PROPN	Abaza	0.1534	652	1	0.027	0.864
pos:PROPN	Abkhaz	2.6429	13054	345	2.381	2.932
pos:PROPN	Akkadian	13.2829	1852	246	11.813	14.905
pos:PROPN	Akuntsu	3.8147	1468	56	2.949	4.921
pos:PROPN	Albanian	1.3155	4485	59	1.021	1.693
pos:PROPN	Alemannic	3.9474	1444	57	3.059	5.08
pos:PROPN	Amharic	2.3576	10010	236	2.078	2.674
pos:PROPN	Apurina	1.2739	1099	14	0.76	2.127
pos:PROPN	Assamese	1.2629	871	11	0.707	2.247
pos:PROPN	Assyrian	2.649	453	12	1.522	4.573
pos:PROPN	Azerbaijani	9.6491	912	88	7.899	11.738
pos:PROPN	Bambara	2.1124	13823	292	1.886	2.366
pos:PROPN	Bavarian	3.6047	15036	542	3.318	3.915
pos:PROPN	Beja	0.5273	11948	63	0.412	0.674
pos:PROPN	Bengali	1.25	320	4	0.487	3.169
pos:PROPN	Bhojpuri	6.3166	6665	421	5.757	6.926
pos:PROPN	Bokota	1.6218	2713	44	1.21	2.17
pos:PROPN	Brahui	5.0061	819	41	3.711	6.721
pos:PROPN	Breton	3.0682	10006	307	2.748	3.424
pos:PROPN	Buryat	6.9599	10187	709	6.482	7.47
pos:PROPN	Cantonese	1.1999	13918	167	1.032	1.395
pos:PROPN	Cappadocian	0.162	4938	8	0.082	0.319
pos:PROPN	Cebuano	4.5194	1394	63	3.548	5.74
pos:PROPN	Central_Kurdish	1.5686	765	12	0.9	2.722
pos:PROPN	Chinese	1.6884	21914	370	1.526	1.868
pos:PROPN	Chintang	1.7634	14631	258	1.562	1.99
pos:PROPN	Chukchi	3.3965	6124	208	2.971	3.88
pos:PROPN	Classical_Chinese	2.4691	648	16	1.525	3.973
pos:PROPN	Czech	1.3357	6289	84	1.08	1.651
pos:PROPN	English	2.8196	51993	1466	2.681	2.965
pos:PROPN	Esperanto	1.2264	3343	41	0.905	1.659
pos:PROPN	Faroese	8.0484	10002	805	7.531	8.598
pos:PROPN	Finnish	9.5048	15813	1503	9.058	9.972
pos:PROPN	French	1.9876	5484	109	1.65	2.392
pos:PROPN	Frisian_Dutch	8.1791	3729	305	7.342	9.102
pos:PROPN	Gorontalo	12.1951	205	25	8.398	17.383
pos:PROPN	Greek	2.5503	21958	560	2.35	2.767
pos:PROPN	Guajajara	1.845	9160	169	1.589	2.141
pos:PROPN	Guarani	5.0691	217	11	2.854	8.848
pos:PROPN	Gujarati	7.6923	1885	145	6.574	8.983
pos:PROPN	Gwichin	3.2738	1008	33	2.34	4.562
pos:PROPN	Haitian_Creole	7.5938	3279	249	6.736	8.551
pos:PROPN	Hausa	3.2983	53210	1755	3.15	3.453
pos:PROPN	Hebrew	1.7686	8029	142	1.502	2.081
pos:PROPN	Highland_Puebla_Nahuatl	1.9925	10088	201	1.737	2.284
pos:PROPN	Hittite	5.5768	1309	73	4.459	6.955
pos:PROPN	Ika	2.0162	5307	107	1.671	2.431
pos:PROPN	Irish	4.7251	4783	226	4.159	5.364
pos:PROPN	Italian	1.4741	6784	100	1.214	1.79
pos:PROPN	Javanese	10.9112	14343	1565	10.411	11.432
pos:PROPN	Kaapor	5.4645	366	20	3.565	8.289
pos:PROPN	Kadiweu	1.2579	318	4	0.49	3.189
pos:PROPN	Kangri	3.5004	2514	88	2.85	4.293
pos:PROPN	Karelian	5.85	3094	181	5.077	6.733
pos:PROPN	Karo	0.4743	2319	11	0.265	0.847
pos:PROPN	Kazakh	5.3341	10536	562	4.921	5.78
pos:PROPN	Kiche	1.7278	10013	173	1.49	2.002
pos:PROPN	Komi_Permyak	2.6064	1151	30	1.832	3.696
pos:PROPN	Komi_Zyrian	0.7615	10505	80	0.612	0.947
pos:PROPN	Korean	5.6382	30240	1705	5.384	5.904
pos:PROPN	Kyrgyz	8.48	1250	106	7.06	10.154
pos:PROPN	Latgalian	8.8235	170	15	5.42	14.047
pos:PROPN	Latvian	8.9286	168	15	5.485	14.208
pos:PROPN	Ligurian	2.7281	6928	189	2.37	3.139
pos:PROPN	Lithuanian	6.0306	5356	323	5.424	6.7
pos:PROPN	Livvi	4.9632	1632	81	4.011	6.127
pos:PROPN	Macedonian	1.9853	1360	27	1.368	2.873
pos:PROPN	Malayalam	10.8198	2403	260	9.64	12.125
pos:PROPN	Marathi	1.4297	3847	55	1.1	1.856
pos:PROPN	Mbya_Guarani	0.6829	1318	9	0.36	1.293
pos:PROPN	Middle_Armenian	0.0915	1093	1	0.016	0.516
pos:PROPN	Middle_French	0.8611	7084	61	0.671	1.104
pos:PROPN	Moksha	1.8781	4579	86	1.523	2.314
pos:PROPN	Munduruku	0.4892	1022	5	0.209	1.14
pos:PROPN	Naga	8.3253	3123	260	7.407	9.346
pos:PROPN	Neapolitan	6.9652	201	14	4.194	11.35
pos:PROPN	Nepali	1.623	801	13	0.951	2.757
pos:PROPN	Northern_Kurdish	4.3084	10259	442	3.932	4.719
pos:PROPN	Northwest_Gbaya	3.6776	2692	99	3.03	4.457
pos:PROPN	Odia	11.4816	5818	668	10.688	12.326
pos:PROPN	Old_English	8.7719	171	15	5.388	13.968
pos:PROPN	Old_French	0.1243	15285	19	0.08	0.194
pos:PROPN	Old_Georgian	2.5276	6884	174	2.182	2.926
pos:PROPN	Old_Irish	2.2196	856	19	1.426	3.441
pos:PROPN	Old_Turkish	4.4304	158	7	2.162	8.862
pos:PROPN	Ottoman_Turkish	3.7117	9780	363	3.355	4.105
pos:PROPN	Pashto	3.3399	6647	222	2.934	3.799
pos:PROPN	Paumari	2.7778	504	14	1.662	4.608
pos:PROPN	Pesh	0.0936	4275	4	0.036	0.24
pos:PROPN	Phrygian	8.0167	1921	154	6.884	9.316
pos:PROPN	Polish	7.2889	18384	1340	6.922	7.674
pos:PROPN	Punjabi	1.1811	3810	45	0.884	1.577
pos:PROPN	Romanian	1.3764	5231	72	1.094	1.73
pos:PROPN	Ruuli	1.5236	6301	96	1.249	1.857
pos:PROPN	Sanskrit	5.1004	1843	94	4.186	6.201
pos:PROPN	Shanghainese	1.0135	8584	87	0.822	1.248
pos:PROPN	Sicilian	3.2042	11204	359	2.894	3.547
pos:PROPN	Sinhala	6.3267	1549	98	5.219	7.65
pos:PROPN	Skolt_Sami	0.5248	3049	16	0.323	0.851
pos:PROPN	South_Levantine_Arabic	2.1546	789	17	1.35	3.423
pos:PROPN	Southern_Kurdish	0.1187	1685	2	0.033	0.432
pos:PROPN	Spanish	0.8175	8073	66	0.643	1.039
pos:PROPN	Swedish	1.5611	11402	178	1.349	1.806
pos:PROPN	Tagalog	3.55	1831	65	2.795	4.499
pos:PROPN	Tamil	13.8512	12165	1685	13.249	14.476
pos:PROPN	Tatar	7.3246	2280	167	6.325	8.467
pos:PROPN	Teko	1.7265	2896	50	1.312	2.269
pos:PROPN	Telugu	3.9288	6465	254	3.482	4.43
pos:PROPN	Telugu_English	4.386	456	20	2.857	6.677
pos:PROPN	Tswana	7.0093	214	15	4.293	11.241
pos:PROPN	Tupinamba	3.5714	4508	161	3.068	4.154
pos:PROPN	Turkish	7.2393	34962	2531	6.972	7.516
pos:PROPN	Turkish_English	2.7211	441	12	1.563	4.695
pos:PROPN	Umbrian	5.1635	1162	60	4.032	6.59
pos:PROPN	Upper_Sorbian	5.3372	11167	596	4.935	5.77
pos:PROPN	Uzbek	2.9271	14451	423	2.665	3.215
pos:PROPN	Veps	3.4536	1303	45	2.591	4.59
pos:PROPN	Vietnamese	2.9131	1888	55	2.245	3.773
pos:PROPN	Warlpiri	0.3175	315	1	0.056	1.776
pos:PROPN	Wolof	5.843	44258	2586	5.628	6.065
pos:PROPN	Xavante	0.0893	2239	2	0.024	0.325
pos:PROPN	Xibe	3.3894	15401	522	3.115	3.687
pos:PROPN	Yakut	1.9863	1460	29	1.387	2.838
pos:PROPN	Yoruba	2.2322	8243	184	1.935	2.574
pos:PROPN	Zazaki	0.4858	1441	7	0.236	0.999
pos:PUNCT	Abkhaz	29.355	13054	3832	28.58	30.142
pos:PUNCT	Akuntsu	21.7984	1468	320	19.761	23.983
pos:PUNCT	Albanian	12.8651	4485	577	11.917	13.877
pos:PUNCT	Alemannic	12.3269	1444	178	10.731	14.123
pos:PUNCT	Amharic	10.9191	10010	1093	10.323	11.545
pos:PUNCT	Apurina	22.748	1099	250	20.367	25.319
pos:PUNCT	Assamese	13.8921	871	121	11.753	16.348
pos:PUNCT	Assyrian	14.5695	453	66	11.619	18.116
pos:PUNCT	Azerbaijani	19.9561	912	182	17.491	22.674
pos:PUNCT	Bambara	14.0925	13823	1948	13.522	14.682
pos:PUNCT	Bavarian	13.9997	15036	2105	13.454	14.564
pos:PUNCT	Beja	19.7941	11948	2365	19.089	20.518
pos:PUNCT	Bengali	22.8125	320	73	18.553	27.717
pos:PUNCT	Bhojpuri	10.4276	6665	695	9.717	11.184
pos:PUNCT	Bokota	18.0243	2713	489	16.623	19.516
pos:PUNCT	Brahui	9.0354	819	74	7.258	11.195
pos:PUNCT	Breton	11.2932	10006	1130	10.688	11.928
pos:PUNCT	Buryat	18.1506	10187	1849	17.414	18.911
pos:PUNCT	Cantonese	19.6077	13918	2729	18.957	20.276
pos:PUNCT	Cappadocian	17.5982	4938	869	16.561	18.685
pos:PUNCT	Cebuano	15.7102	1394	219	13.894	17.714
pos:PUNCT	Central_Kurdish	19.4771	765	149	16.826	22.433
pos:PUNCT	Chinese	14.6801	21914	3217	14.218	15.155
pos:PUNCT	Chintang	19.8209	14631	2900	19.183	20.475
pos:PUNCT	Chukchi	16.3945	6124	1004	15.488	17.343
pos:PUNCT	Czech	18.2541	6289	1148	17.319	19.228
pos:PUNCT	English	14.7808	51993	7685	14.478	15.089
pos:PUNCT	Esperanto	14.4182	3343	482	13.268	15.65
pos:PUNCT	Faroese	15.6369	10002	1564	14.938	16.362
pos:PUNCT	Finnish	14.7916	15813	2339	14.247	15.354
pos:PUNCT	French	14.4238	5484	791	13.519	15.379
pos:PUNCT	Gheg	6.0413	15990	966	5.682	6.421
pos:PUNCT	Greek	14.0268	21958	3080	13.574	14.492
pos:PUNCT	Guajajara	15.7751	9160	1445	15.043	16.536
pos:PUNCT	Guarani	2.3041	217	5	0.988	5.279
pos:PUNCT	Gujarati	13.2626	1885	250	11.806	14.869
pos:PUNCT	Gwichin	32.1429	1008	324	29.332	35.089
pos:PUNCT	Haitian_Creole	8.2037	3279	269	7.313	9.193
pos:PUNCT	Hausa	17.7974	53210	9470	17.475	18.125
pos:PUNCT	Highland_Puebla_Nahuatl	20.4996	10088	2068	19.723	21.299
pos:PUNCT	Ika	16.3746	5307	869	15.403	17.394
pos:PUNCT	Irish	11.1645	4783	534	10.303	12.088
pos:PUNCT	Italian	11.7188	6784	795	10.975	12.506
pos:PUNCT	Javanese	15.5686	14343	2233	14.984	16.171
pos:PUNCT	Kaapor	1.6393	366	6	0.753	3.53
pos:PUNCT	Kadiweu	22.327	318	71	18.096	27.219
pos:PUNCT	Kangri	12.3309	2514	310	11.103	13.674
pos:PUNCT	Karelian	18.3904	3094	569	17.065	19.794
pos:PUNCT	Karo	0.1294	2319	3	0.044	0.38
pos:PUNCT	Kazakh	19.8937	10536	2096	19.142	20.667
pos:PUNCT	Kiche	16.8381	10013	1686	16.118	17.584
pos:PUNCT	Komi_Permyak	22.3284	1151	257	20.017	24.824
pos:PUNCT	Komi_Zyrian	20.2665	10505	2129	19.509	21.046
pos:PUNCT	Korean	14.9372	30240	4517	14.54	15.343
pos:PUNCT	Kyrgyz	18.24	1250	228	16.198	20.477
pos:PUNCT	Latgalian	19.4118	170	33	14.169	26.006
pos:PUNCT	Latvian	19.6429	168	33	14.343	26.3
pos:PUNCT	Ligurian	11.4319	6928	792	10.704	12.203
pos:PUNCT	Lithuanian	20.407	5356	1093	19.349	21.507
pos:PUNCT	Livvi	21.4461	1632	350	19.523	23.503
pos:PUNCT	Luxembourgish	14.0777	206	29	9.984	19.487
pos:PUNCT	Macedonian	16.3235	1360	222	14.455	18.382
pos:PUNCT	Madi	17.3913	115	20	11.55	25.341
pos:PUNCT	Makurap	1.6854	178	3	0.575	4.837
pos:PUNCT	Malayalam	13.1918	2403	317	11.897	14.604
pos:PUNCT	Marathi	19.4437	3847	748	18.224	20.725
pos:PUNCT	Mbya_Guarani	18.8164	1318	248	16.798	21.016
pos:PUNCT	Middle_Armenian	16.011	1093	175	13.957	18.303
pos:PUNCT	Middle_French	9.1191	7084	646	8.471	9.812
pos:PUNCT	Moksha	21.1837	4579	970	20.025	22.391
pos:PUNCT	Munduruku	13.1115	1022	134	11.18	15.32
pos:PUNCT	Naga	12.3919	3123	387	11.282	13.594
pos:PUNCT	Neapolitan	11.9403	201	24	8.157	17.152
pos:PUNCT	Nenets	16.5881	1272	211	14.645	18.732
pos:PUNCT	Nepali	17.9775	801	144	15.473	20.788
pos:PUNCT	Northern_Kurdish	12.4671	10259	1279	11.842	13.12
pos:PUNCT	Odia	13.9051	5818	809	13.04	14.818
pos:PUNCT	Old_English	14.6199	171	25	10.103	20.692
pos:PUNCT	Old_French	8.8126	15285	1347	8.373	9.272
pos:PUNCT	Old_Georgian	11.1127	6884	765	10.392	11.877
pos:PUNCT	Old_Irish	2.4533	856	21	1.61	3.721
pos:PUNCT	Old_Turkish	29.7468	158	47	23.168	37.287
pos:PUNCT	Ottoman_Turkish	14.0491	9780	1374	13.374	14.752
pos:PUNCT	Pashto	11.7798	6647	783	11.027	12.577
pos:PUNCT	Paumari	23.0159	504	116	19.553	26.887
pos:PUNCT	Pesh	16.0468	4275	686	14.977	17.177
pos:PUNCT	Phrygian	11.4003	1921	219	10.055	12.899
pos:PUNCT	Polish	14.4365	18384	2654	13.936	14.952
pos:PUNCT	Punjabi	10.105	3810	385	9.188	11.103
pos:PUNCT	Romanian	11.6613	5231	610	10.819	12.559
pos:PUNCT	Ruuli	19.9175	6301	1255	18.95	20.922
pos:PUNCT	Sanskrit	10.5806	1843	195	9.257	12.068
pos:PUNCT	Shanghainese	19.4781	8584	1672	18.654	20.329
pos:PUNCT	Sicilian	16.985	11204	1903	16.301	17.692
pos:PUNCT	Sinhala	11.2976	1549	175	9.816	12.971
pos:PUNCT	Skolt_Sami	23.5487	3049	718	22.076	25.087
pos:PUNCT	South_Levantine_Arabic	17.4905	789	138	14.999	20.297
pos:PUNCT	Southern_Kurdish	15.7864	1685	266	14.123	17.605
pos:PUNCT	Spanish	20.005	8073	1615	19.147	20.892
pos:PUNCT	Swedish	7.9021	11402	901	7.421	8.412
pos:PUNCT	Tagalog	14.9099	1831	273	13.352	16.615
pos:PUNCT	Tamil	12.6099	12165	1534	12.032	13.212
pos:PUNCT	Tatar	16.1404	2280	368	14.687	17.707
pos:PUNCT	Teko	8.8398	2896	256	7.86	9.929
pos:PUNCT	Telugu	22.6605	6465	1465	21.656	23.697
pos:PUNCT	Telugu_English	18.6404	456	85	15.333	22.471
pos:PUNCT	Tswana	10.7477	214	23	7.269	15.611
pos:PUNCT	Tupinamba	23.4472	4508	1057	22.233	24.706
pos:PUNCT	Turkish	14.4671	34962	5058	14.102	14.84
pos:PUNCT	Turkish_English	15.6463	441	69	12.554	19.332
pos:PUNCT	Upper_Sorbian	18.0174	11167	2012	17.316	18.741
pos:PUNCT	Uzbek	18.1579	14451	2624	17.538	18.795
pos:PUNCT	Veps	16.7306	1303	218	14.802	18.854
pos:PUNCT	Vietnamese	11.5996	1888	219	10.232	13.123
pos:PUNCT	Warlpiri	17.7778	315	56	13.952	22.38
pos:PUNCT	Wolof	12.0182	44258	5319	11.719	12.324
pos:PUNCT	Xavante	14.2921	2239	320	12.904	15.803
pos:PUNCT	Xibe	12.3044	15401	1895	11.795	12.833
pos:PUNCT	Yakut	10.2055	1460	149	8.756	11.864
pos:PUNCT	Yoruba	13.5145	8243	1114	12.793	14.27
pos:PUNCT	Yupik	12.0717	2568	310	10.868	13.389
pos:PUNCT	Zazaki	21.6516	1441	312	19.602	23.852
pos:SCONJ	Abaza	1.0736	652	7	0.521	2.199
pos:SCONJ	Akkadian	1.9438	1852	36	1.407	2.679
pos:SCONJ	Albanian	2.7425	4485	123	2.303	3.262
pos:SCONJ	Alemannic	1.8006	1444	26	1.232	2.625
pos:SCONJ	Amharic	2.1279	10010	213	1.863	2.429
pos:SCONJ	Apurina	0.364	1099	4	0.142	0.932
pos:SCONJ	Assamese	1.1481	871	10	0.625	2.1
pos:SCONJ	Assyrian	1.1038	453	5	0.472	2.557
pos:SCONJ	Azerbaijani	0.5482	912	5	0.234	1.277
pos:SCONJ	Bambara	1.3239	13823	183	1.146	1.528
pos:SCONJ	Bavarian	2.2612	15036	340	2.036	2.511
pos:SCONJ	Beja	4.8962	11948	585	4.524	5.298
pos:SCONJ	Bengali	0.625	320	2	0.172	2.25
pos:SCONJ	Bhojpuri	1.7704	6665	118	1.48	2.116
pos:SCONJ	Bokota	0.9583	2713	26	0.655	1.401
pos:SCONJ	Brahui	0.9768	819	8	0.496	1.916
pos:SCONJ	Breton	5.5567	10006	556	5.125	6.023
pos:SCONJ	Buryat	0.216	10187	22	0.143	0.327
pos:SCONJ	Cantonese	0.8119	13918	113	0.676	0.975
pos:SCONJ	Cappadocian	3.5237	4938	174	3.044	4.075
pos:SCONJ	Cebuano	1.2912	1394	18	0.818	2.032
pos:SCONJ	Chinese	0.6662	21914	146	0.567	0.783
pos:SCONJ	Chintang	1.9411	14631	284	1.73	2.178
pos:SCONJ	Chukchi	0.049	6124	3	0.017	0.144
pos:SCONJ	Classical_Chinese	3.2407	648	21	2.129	4.903
pos:SCONJ	Czech	2.1784	6289	137	1.846	2.569
pos:SCONJ	English	1.8714	51993	973	1.758	1.991
pos:SCONJ	Esperanto	2.3631	3343	79	1.9	2.935
pos:SCONJ	Faroese	0.4799	10002	48	0.362	0.636
pos:SCONJ	Finnish	1.9667	15813	311	1.762	2.195
pos:SCONJ	French	2.4799	5484	136	2.1	2.926
pos:SCONJ	Frisian_Dutch	1.6358	3729	61	1.276	2.096
pos:SCONJ	Gheg	1.4009	15990	224	1.23	1.595
pos:SCONJ	Greek	2.7416	21958	602	2.534	2.966
pos:SCONJ	Guajajara	0.3821	9160	35	0.275	0.531
pos:SCONJ	Gujarati	0.6897	1885	13	0.403	1.176
pos:SCONJ	Gwichin	0.6944	1008	7	0.337	1.426
pos:SCONJ	Haitian_Creole	1.2504	3279	41	0.923	1.692
pos:SCONJ	Hausa	3.4937	53210	1859	3.341	3.653
pos:SCONJ	Hebrew	6.8003	8029	546	6.27	7.372
pos:SCONJ	Highland_Puebla_Nahuatl	1.5167	10088	153	1.296	1.774
pos:SCONJ	Hittite	2.5974	1309	34	1.865	3.608
pos:SCONJ	Ika	0.0377	5307	2	0.01	0.137
pos:SCONJ	Irish	1.5262	4783	73	1.216	1.915
pos:SCONJ	Italian	2.329	6784	158	1.996	2.716
pos:SCONJ	Javanese	2.1892	14343	314	1.962	2.442
pos:SCONJ	Kaapor	0.5464	366	2	0.15	1.97
pos:SCONJ	Kadiweu	4.4025	318	14	2.64	7.253
pos:SCONJ	Kangri	0.4375	2514	11	0.244	0.782
pos:SCONJ	Karelian	1.3898	3094	43	1.033	1.867
pos:SCONJ	Karo	1.0349	2319	24	0.696	1.535
pos:SCONJ	Kazakh	0.1993	10536	21	0.13	0.305
pos:SCONJ	Kiche	1.4981	10013	150	1.278	1.755
pos:SCONJ	Komi_Permyak	0.8688	1151	10	0.473	1.592
pos:SCONJ	Komi_Zyrian	1.3232	10505	139	1.122	1.56
pos:SCONJ	Korean	1.8915	30240	572	1.744	2.051
pos:SCONJ	Kyrgyz	0.4	1250	5	0.171	0.933
pos:SCONJ	Latgalian	1.7647	170	3	0.602	5.059
pos:SCONJ	Latvian	1.7857	168	3	0.609	5.118
pos:SCONJ	Ligurian	2.1363	6928	148	1.821	2.504
pos:SCONJ	Lithuanian	2.7259	5356	146	2.323	3.197
pos:SCONJ	Livvi	1.2255	1632	20	0.795	1.885
pos:SCONJ	Luxembourgish	0.9709	206	2	0.267	3.47
pos:SCONJ	Macedonian	2.4265	1360	33	1.733	3.388
pos:SCONJ	Malayalam	1.0404	2403	25	0.706	1.531
pos:SCONJ	Marathi	0.7018	3847	27	0.483	1.019
pos:SCONJ	Mbya_Guarani	10.0152	1318	132	8.509	11.754
pos:SCONJ	Middle_Armenian	5.581	1093	61	4.369	7.104
pos:SCONJ	Middle_French	3.515	7084	249	3.111	3.97
pos:SCONJ	Moksha	0.5678	4579	26	0.388	0.831
pos:SCONJ	Munduruku	1.8591	1022	19	1.193	2.885
pos:SCONJ	Naga	2.2735	3123	71	1.806	2.858
pos:SCONJ	Neapolitan	0.995	201	2	0.273	3.555
pos:SCONJ	Northern_Kurdish	1.9885	10259	204	1.736	2.277
pos:SCONJ	Northwest_Gbaya	1.8202	2692	49	1.38	2.398
pos:SCONJ	Odia	0.636	5818	37	0.462	0.875
pos:SCONJ	Old_English	2.924	171	5	1.255	6.661
pos:SCONJ	Old_French	4.5862	15285	701	4.266	4.929
pos:SCONJ	Old_Georgian	3.2394	6884	223	2.847	3.684
pos:SCONJ	Old_Irish	5.6075	856	48	4.255	7.356
pos:SCONJ	Old_Turkish	0.6329	158	1	0.112	3.498
pos:SCONJ	Ottoman_Turkish	0.2965	9780	29	0.207	0.426
pos:SCONJ	Pashto	3.2646	6647	217	2.864	3.72
pos:SCONJ	Paumari	1.1905	504	6	0.547	2.573
pos:SCONJ	Pesh	2.7602	4275	118	2.31	3.295
pos:SCONJ	Phrygian	0.1041	1921	2	0.029	0.379
pos:SCONJ	Polish	1.8766	18384	345	1.69	2.083
pos:SCONJ	Punjabi	2.8871	3810	110	2.401	3.468
pos:SCONJ	Romanian	2.294	5231	120	1.922	2.736
pos:SCONJ	Ruuli	3.7454	6301	236	3.304	4.243
pos:SCONJ	Sanskrit	0.4883	1843	9	0.257	0.926
pos:SCONJ	Shanghainese	4.1007	8584	352	3.701	4.541
pos:SCONJ	Sicilian	2.6508	11204	297	2.369	2.965
pos:SCONJ	Sinhala	0.581	1549	9	0.306	1.101
pos:SCONJ	Skolt_Sami	2.1318	3049	65	1.676	2.708
pos:SCONJ	South_Levantine_Arabic	0.2535	789	2	0.07	0.919
pos:SCONJ	Spanish	4.4593	8073	360	4.03	4.932
pos:SCONJ	Spanish_Sign_Language	0.7179	1393	10	0.39	1.316
pos:SCONJ	Swedish	3.7274	11402	425	3.395	4.091
pos:SCONJ	Tagalog	0.9285	1831	17	0.58	1.482
pos:SCONJ	Tatar	0.3947	2280	9	0.208	0.749
pos:SCONJ	Teko	0.0345	2896	1	0.006	0.195
pos:SCONJ	Telugu	0.8662	6465	56	0.668	1.123
pos:SCONJ	Tswana	2.3364	214	5	1.002	5.352
pos:SCONJ	Tupinamba	0.1553	4508	7	0.075	0.32
pos:SCONJ	Turkish	0.3175	34962	111	0.264	0.382
pos:SCONJ	Turkish_English	1.5873	441	7	0.771	3.24
pos:SCONJ	Umbrian	2.5818	1162	30	1.814	3.662
pos:SCONJ	Upper_Sorbian	1.3164	11167	147	1.121	1.545
pos:SCONJ	Uzbek	0.1384	14451	20	0.09	0.214
pos:SCONJ	Veps	1.2279	1303	16	0.757	1.985
pos:SCONJ	Vietnamese	1.4301	1888	27	0.985	2.073
pos:SCONJ	Wolof	2.0358	44258	901	1.908	2.172
pos:SCONJ	Xavante	1.1166	2239	25	0.757	1.643
pos:SCONJ	Xibe	0.5649	15401	87	0.458	0.696
pos:SCONJ	Yoruba	4.2218	8243	348	3.809	4.678
pos:SCONJ	Zazaki	1.7349	1441	25	1.178	2.549
pos:SYM	Bavarian	0.0466	15036	7	0.023	0.096
pos:SYM	Breton	0.02	10006	2	0.005	0.073
pos:SYM	Buryat	0.0294	10187	3	0.01	0.087
pos:SYM	Cappadocian	0.0203	4938	1	0.004	0.115
pos:SYM	Chinese	0.0046	21914	1	0.001	0.026
pos:SYM	English	0.6251	51993	325	0.561	0.697
pos:SYM	Finnish	0.0885	15813	14	0.053	0.149
pos:SYM	Gujarati	0.1592	1885	3	0.054	0.467
pos:SYM	Haitian_Creole	0.0305	3279	1	0.005	0.173
pos:SYM	Italian	0.0147	6784	1	0.003	0.083
pos:SYM	Javanese	0.0837	14343	12	0.048	0.146
pos:SYM	Kazakh	0.0285	10536	3	0.01	0.084
pos:SYM	Kyrgyz	0.16	1250	2	0.044	0.582
pos:SYM	Malayalam	0.0416	2403	1	0.007	0.235
pos:SYM	Northern_Kurdish	0.0292	10259	3	0.01	0.086
pos:SYM	Pashto	0.015	6647	1	0.003	0.085
pos:SYM	Phrygian	4.1645	1921	80	3.359	5.153
pos:SYM	Romanian	3.5557	5231	186	3.087	4.093
pos:SYM	Tatar	0.1316	2280	3	0.045	0.386
pos:SYM	Turkish	0.0143	34962	5	0.006	0.033
pos:SYM	Upper_Sorbian	0.2866	11167	32	0.203	0.404
pos:SYM	Uzbek	0.0069	14451	1	0.001	0.039
pos:SYM	Wolof	0.0045	44258	2	0.001	0.016
pos:SYM	Xibe	0.0065	15401	1	0.001	0.037
pos:SYM	Yoruba	0.0121	8243	1	0.002	0.069
pos:VERB	Abaza	40.7975	652	266	37.09	44.613
pos:VERB	Abkhaz	30.6266	13054	3998	29.842	31.423
pos:VERB	Akkadian	10.4212	1852	193	9.111	11.896
pos:VERB	Akuntsu	21.4578	1468	315	19.434	23.631
pos:VERB	Albanian	11.4827	4485	515	10.582	12.449
pos:VERB	Alemannic	8.8643	1444	128	7.505	10.442
pos:VERB	Amharic	15.5145	10010	1553	14.818	16.237
pos:VERB	Apurina	21.838	1099	240	19.496	24.376
pos:VERB	Assamese	22.2732	871	194	19.635	25.155
pos:VERB	Assyrian	12.5828	453	57	9.84	15.955
pos:VERB	Azerbaijani	20.8333	912	190	18.323	23.589
pos:VERB	Bambara	18.0713	13823	2498	17.439	18.722
pos:VERB	Bavarian	9.7167	15036	1461	9.253	10.2
pos:VERB	Beja	20.154	11948	2408	19.444	20.883
pos:VERB	Bengali	20.3125	320	65	16.269	25.061
pos:VERB	Bhojpuri	11.5079	6665	767	10.764	12.296
pos:VERB	Bokota	19.8304	2713	538	18.373	21.373
pos:VERB	Brahui	14.5299	819	119	12.282	17.109
pos:VERB	Breton	10.9634	10006	1097	10.366	11.591
pos:VERB	Buryat	15.0191	10187	1530	14.339	15.726
pos:VERB	Cantonese	17.8474	13918	2484	17.22	18.492
pos:VERB	Cappadocian	14.5808	4938	720	13.624	15.593
pos:VERB	Cebuano	13.4864	1394	188	11.793	15.38
pos:VERB	Central_Kurdish	18.3007	765	140	15.721	21.197
pos:VERB	Chinese	18.924	21914	4147	18.411	19.448
pos:VERB	Chintang	22.7326	14631	3326	22.061	23.419
pos:VERB	Chukchi	19.3174	6124	1183	18.348	20.325
pos:VERB	Classical_Chinese	23.9198	648	155	20.795	27.352
pos:VERB	Czech	11.8143	6289	743	11.04	12.635
pos:VERB	English	10.4437	51993	5430	10.184	10.71
pos:VERB	Esperanto	9.2432	3343	309	8.308	10.272
pos:VERB	Faroese	5.7289	10002	573	5.29	6.202
pos:VERB	Finnish	12.7427	15813	2015	12.232	13.271
pos:VERB	French	10.2662	5484	563	9.491	11.098
pos:VERB	Frisian_Dutch	10.6999	3729	399	9.748	11.733
pos:VERB	Gheg	16.7605	15990	2680	16.19	17.347
pos:VERB	Gorontalo	15.6098	205	32	11.279	21.205
pos:VERB	Greek	14.7782	21958	3245	14.315	15.254
pos:VERB	Guajajara	11.5721	9160	1060	10.933	12.243
pos:VERB	Guarani	18.894	217	41	14.244	24.626
pos:VERB	Gujarati	11.3528	1885	214	9.999	12.864
pos:VERB	Gwichin	34.0278	1008	343	31.168	37.008
pos:VERB	Haitian_Creole	13.8457	3279	454	12.706	15.07
pos:VERB	Hausa	15.5892	53210	8295	15.283	15.9
pos:VERB	Hebrew	14.4103	8029	1157	13.659	15.195
pos:VERB	Highland_Puebla_Nahuatl	16.1082	10088	1625	15.404	16.838
pos:VERB	Hittite	16.272	1309	213	14.372	18.37
pos:VERB	Ika	14.2453	5307	756	13.331	15.212
pos:VERB	Irish	9.032	4783	432	8.252	9.878
pos:VERB	Italian	14.2689	6784	968	13.457	15.121
pos:VERB	Javanese	13.6234	14343	1954	13.072	14.195
pos:VERB	Kaapor	24.5902	366	90	20.457	29.251
pos:VERB	Kadiweu	15.0943	318	48	11.578	19.444
pos:VERB	Kangri	13.6038	2514	342	12.319	15.0
pos:VERB	Karelian	12.2495	3094	379	11.141	13.452
pos:VERB	Karo	22.2078	2319	515	20.563	23.945
pos:VERB	Kazakh	15.5942	10536	1643	14.914	16.299
pos:VERB	Kiche	15.6297	10013	1565	14.932	16.354
pos:VERB	Komi_Permyak	17.8975	1151	206	15.791	20.218
pos:VERB	Komi_Zyrian	16.3065	10505	1713	15.612	17.025
pos:VERB	Korean	13.8294	30240	4182	13.445	14.223
pos:VERB	Kyrgyz	19.52	1250	244	17.418	21.809
pos:VERB	Latgalian	18.8235	170	32	13.661	25.364
pos:VERB	Latvian	18.4524	168	31	13.315	25.0
pos:VERB	Ligurian	10.9988	6928	762	10.284	11.757
pos:VERB	Lithuanian	13.2188	5356	708	12.338	14.152
pos:VERB	Livvi	15.8088	1632	258	14.119	17.659
pos:VERB	Luxembourgish	14.0777	206	29	9.984	19.487
pos:VERB	Macedonian	20.2941	1360	276	18.242	22.514
pos:VERB	Madi	21.7391	115	25	15.181	30.124
pos:VERB	Makurap	32.5843	178	58	26.13	39.774
pos:VERB	Malayalam	11.7353	2403	282	10.509	13.084
pos:VERB	Marathi	18.7419	3847	721	17.54	20.006
pos:VERB	Mbya_Guarani	19.5751	1318	258	17.523	21.804
pos:VERB	Middle_Armenian	14.9131	1093	163	12.924	17.148
pos:VERB	Middle_French	12.9588	7084	918	12.197	13.761
pos:VERB	Moksha	18.8251	4579	862	17.719	19.983
pos:VERB	Munduruku	18.591	1022	190	16.325	21.092
pos:VERB	Naga	20.301	3123	634	18.927	21.748
pos:VERB	Neapolitan	14.4279	201	29	10.237	19.953
pos:VERB	Nenets	19.9686	1272	254	17.864	22.254
pos:VERB	Nepali	23.3458	801	187	20.548	26.398
pos:VERB	Northern_Kurdish	10.1569	10259	1042	9.587	10.756
pos:VERB	Northwest_Gbaya	21.6568	2692	583	20.142	23.253
pos:VERB	Odia	14.0942	5818	820	13.224	15.012
pos:VERB	Old_English	16.9591	171	29	12.075	23.295
pos:VERB	Old_French	13.8044	15285	2110	13.267	14.36
pos:VERB	Old_Georgian	13.3062	6884	916	12.524	14.129
pos:VERB	Old_Irish	10.1636	856	87	8.314	12.369
pos:VERB	Old_Turkish	12.0253	158	19	7.835	18.018
pos:VERB	Ottoman_Turkish	15.5828	9780	1524	14.878	16.315
pos:VERB	Pashto	8.2895	6647	551	7.65	8.977
pos:VERB	Paumari	23.4127	504	118	19.925	27.302
pos:VERB	Pesh	22.3626	4275	956	21.139	23.636
pos:VERB	Phrygian	13.3264	1921	256	11.88	14.92
pos:VERB	Polish	8.8555	18384	1628	8.453	9.275
pos:VERB	Punjabi	14.4619	3810	551	13.381	15.615
pos:VERB	Romanian	13.3435	5231	698	12.449	14.292
pos:VERB	Ruuli	22.6789	6301	1429	21.662	23.729
pos:VERB	Sanskrit	17.0374	1843	314	15.39	18.822
pos:VERB	Shanghainese	20.4683	8584	1757	19.628	21.335
pos:VERB	Sicilian	14.236	11204	1595	13.601	14.895
pos:VERB	Sinhala	16.4622	1549	255	14.699	18.392
pos:VERB	Skolt_Sami	22.1712	3049	676	20.732	23.68
pos:VERB	South_Levantine_Arabic	14.8289	789	117	12.52	17.479
pos:VERB	Southern_Kurdish	22.6706	1685	382	20.735	24.731
pos:VERB	Spanish	12.1145	8073	978	11.421	12.844
pos:VERB	Spanish_Sign_Language	39.2678	1393	547	36.736	41.858
pos:VERB	Swedish	13.4012	11402	1528	12.788	14.039
pos:VERB	Swedish_Sign_Language	37.9503	1610	611	35.611	40.347
pos:VERB	Tagalog	11.9061	1831	218	10.502	13.47
pos:VERB	Tamil	14.5171	12165	1766	13.902	15.154
pos:VERB	Tatar	15.2632	2280	348	13.845	16.798
pos:VERB	Teko	30.5594	2896	885	28.908	32.262
pos:VERB	Telugu	22.6141	6465	1462	21.611	23.65
pos:VERB	Telugu_English	21.7105	456	99	18.171	25.722
pos:VERB	Tswana	15.8879	214	34	11.598	21.381
pos:VERB	Tupinamba	15.3505	4508	692	14.328	16.432
pos:VERB	Turkish	14.1697	34962	4954	13.808	14.539
pos:VERB	Turkish_English	19.0476	441	84	15.656	22.974
pos:VERB	Umbrian	23.6661	1162	275	21.312	26.194
pos:VERB	Upper_Sorbian	7.3252	11167	818	6.856	7.823
pos:VERB	Uzbek	19.189	14451	2773	18.555	19.839
pos:VERB	Veps	14.0445	1303	183	12.263	16.037
pos:VERB	Vietnamese	14.5657	1888	275	13.046	16.229
pos:VERB	Warlpiri	21.9048	315	69	17.691	26.796
pos:VERB	Wolof	17.8702	44258	7909	17.516	18.23
pos:VERB	Xavante	12.4609	2239	279	11.157	13.894
pos:VERB	Xibe	20.0636	15401	3090	19.439	20.704
pos:VERB	Yakut	19.9315	1460	291	17.962	22.058
pos:VERB	Yoruba	14.7762	8243	1218	14.027	15.559
pos:VERB	Yupik	21.6511	2568	556	20.101	23.286
pos:VERB	Zazaki	16.7245	1441	241	14.887	18.739
pos:X	Akkadian	1.6199	1852	30	1.137	2.303
pos:X	Alemannic	0.2078	1444	3	0.071	0.609
pos:X	Amharic	0.1199	10010	12	0.069	0.209
pos:X	Apurina	0.273	1099	3	0.093	0.799
pos:X	Bambara	0.0072	13823	1	0.001	0.041
pos:X	Bavarian	0.4256	15036	64	0.333	0.543
pos:X	Beja	0.5942	11948	71	0.471	0.749
pos:X	Bhojpuri	0.015	6665	1	0.003	0.085
pos:X	Bokota	0.6635	2713	18	0.42	1.046
pos:X	Breton	1.4891	10006	149	1.27	1.746
pos:X	Cappadocian	0.2835	4938	14	0.169	0.475
pos:X	Chinese	0.0639	21914	14	0.038	0.107
pos:X	Chintang	0.082	14631	12	0.047	0.143
pos:X	Chukchi	6.2051	6124	380	5.628	6.837
pos:X	English	0.6732	51993	350	0.606	0.747
pos:X	Faroese	0.4199	10002	42	0.311	0.567
pos:X	Finnish	0.0885	15813	14	0.053	0.149
pos:X	French	0.0547	5484	3	0.019	0.161
pos:X	Frisian_Dutch	0.0536	3729	2	0.015	0.195
pos:X	Gheg	0.0188	15990	3	0.006	0.055
pos:X	Greek	0.0683	21958	15	0.041	0.113
pos:X	Guajajara	0.0109	9160	1	0.002	0.062
pos:X	Gujarati	0.1592	1885	3	0.054	0.467
pos:X	Gwichin	0.2976	1008	3	0.101	0.871
pos:X	Haitian_Creole	0.183	3279	6	0.084	0.399
pos:X	Hausa	0.2669	53210	142	0.226	0.314
pos:X	Highland_Puebla_Nahuatl	0.9715	10088	98	0.798	1.182
pos:X	Hittite	0.3056	1309	4	0.119	0.783
pos:X	Ika	0.8668	5307	46	0.65	1.154
pos:X	Italian	0.0884	6784	6	0.041	0.193
pos:X	Javanese	1.2759	14343	183	1.105	1.473
pos:X	Karelian	0.2262	3094	7	0.11	0.466
pos:X	Karo	0.2156	2319	5	0.092	0.504
pos:X	Kazakh	1.082	10536	114	0.902	1.298
pos:X	Kiche	0.01	10013	1	0.002	0.057
pos:X	Komi_Zyrian	0.0571	10505	6	0.026	0.125
pos:X	Korean	0.1554	30240	47	0.117	0.207
pos:X	Ligurian	0.3176	6928	22	0.21	0.48
pos:X	Lithuanian	0.2054	5356	11	0.115	0.367
pos:X	Livvi	0.6127	1632	10	0.333	1.124
pos:X	Madi	3.4783	115	4	1.361	8.603
pos:X	Malayalam	0.0832	2403	2	0.023	0.303
pos:X	Marathi	0.026	3847	1	0.005	0.147
pos:X	Moksha	0.0874	4579	4	0.034	0.224
pos:X	Munduruku	0.3914	1022	4	0.152	1.002
pos:X	Naga	0.1921	3123	6	0.088	0.419
pos:X	Nenets	3.2233	1272	41	2.385	4.343
pos:X	Nepali	0.6242	801	5	0.267	1.453
pos:X	Northern_Kurdish	0.2924	10259	30	0.205	0.417
pos:X	Old_Georgian	0.0145	6884	1	0.003	0.082
pos:X	Old_Irish	0.5841	856	5	0.25	1.36
pos:X	Ottoman_Turkish	0.0511	9780	5	0.022	0.12
pos:X	Pashto	0.8575	6647	57	0.663	1.109
pos:X	Pesh	4.2105	4275	180	3.648	4.855
pos:X	Phrygian	5.1536	1921	99	4.251	6.235
pos:X	Polish	0.5657	18384	104	0.467	0.685
pos:X	Romanian	0.0765	5231	4	0.03	0.196
pos:X	Ruuli	0.0317	6301	2	0.009	0.116
pos:X	Sanskrit	0.1085	1843	2	0.03	0.395
pos:X	Skolt_Sami	0.0328	3049	1	0.006	0.186
pos:X	South_Levantine_Arabic	0.1267	789	1	0.022	0.714
pos:X	Southern_Kurdish	0.0593	1685	1	0.01	0.335
pos:X	Spanish	0.3344	8073	27	0.23	0.486
pos:X	Spanish_Sign_Language	2.369	1393	33	1.692	3.308
pos:X	Swedish	0.1052	11402	12	0.06	0.184
pos:X	Swedish_Sign_Language	4.4099	1610	71	3.511	5.526
pos:X	Tamil	0.0082	12165	1	0.001	0.047
pos:X	Teko	0.6215	2896	18	0.394	0.98
pos:X	Tupinamba	0.0887	4508	4	0.035	0.228
pos:X	Turkish	0.3032	34962	106	0.251	0.367
pos:X	Upper_Sorbian	1.7641	11167	197	1.536	2.025
pos:X	Uzbek	0.0969	14451	14	0.058	0.163
pos:X	Xavante	3.1711	2239	71	2.522	3.981
pos:X	Xibe	1.0714	15401	165	0.921	1.247
pos:X	Yoruba	0.1092	8243	9	0.057	0.207
pos:X	Yupik	42.9128	2568	1102	41.01	44.836
pos:X	Zazaki	0.1388	1441	2	0.038	0.505
